Symbol,Section,Size,Module,File,Address,Source
"undo_stacks",bss,41216,"Services/looper","looper.o",0x200094c4,"./Services/looper/looper.o"
"undo_stacks",data,41216,"Services/looper","looper.o",0x200094c4,"./Services/looper/looper.o"
"undo_stacks",ccmram,41216,"Services/looper","looper.o",0x200094c4,"./Services/looper/looper.o"
"g_entries",bss,40960,"Services/patch","patch_adv.o",0x2001433c,"./Services/patch/patch_adv.o"
"g_entries",data,40960,"Services/patch","patch_adv.o",0x2001433c,"./Services/patch/patch_adv.o"
"g_entries",ccmram,40960,"Services/patch","patch_adv.o",0x2001433c,"./Services/patch/patch_adv.o"
".ccmram",data,28832,"Services/looper","looper.o",0x10002000,"./Services/looper/looper.o"
".ccmram",ccmram,28832,"Services/looper","looper.o",0x10002000,"./Services/looper/looper.o"
"ucHeap",bss,10240,"Middlewares/FreeRTOS","heap_4.o",0x200021e0,"./Middlewares/Third_Party/FreeRTOS/Source/portable/MemMang/heap_4.o"
"s_commands",bss,10240,"Services/cli","cli.o",0x20005204,"./Services/cli/cli.o"
"ucHeap",data,10240,"Middlewares/FreeRTOS","heap_4.o",0x200021e0,"./Middlewares/Third_Party/FreeRTOS/Source/portable/MemMang/heap_4.o"
"s_commands",data,10240,"Services/cli","cli.o",0x20005204,"./Services/cli/cli.o"
"ucHeap",ccmram,10240,"Middlewares/FreeRTOS","heap_4.o",0x200021e0,"./Middlewares/Third_Party/FreeRTOS/Source/portable/MemMang/heap_4.o"
"s_commands",ccmram,10240,"Services/cli","cli.o",0x20005204,"./Services/cli/cli.o"
".ccmram",data,8192,"Hal/oled_ssd1322","oled_ssd1322.o",0x10000000,"./Hal/oled_ssd1322/oled_ssd1322.o"
".ccmram",ccmram,8192,"Hal/oled_ssd1322","oled_ssd1322.o",0x10000000,"./Hal/oled_ssd1322/oled_ssd1322.o"
"snap",bss,6144,"Services/ui","ui_page_looper_timeline.o",0x20020318,"./Services/ui/ui_page_looper_timeline.o"
"snap",data,6144,"Services/ui","ui_page_looper_timeline.o",0x20020318,"./Services/ui/ui_page_looper_timeline.o"
"snap",ccmram,6144,"Services/ui","ui_page_looper_timeline.o",0x20020318,"./Services/ui/ui_page_looper_timeline.o"
"g_routes",bss,5120,"Services/router","router.o",0x2001ed2c,"./Services/router/router.o"
"g_routes",data,5120,"Services/router","router.o",0x2001ed2c,"./Services/router/router.o"
"g_routes",ccmram,5120,"Services/router","router.o",0x2001ed2c,"./Services/router/router.o"
"s_history",bss,2560,"Services/cli","cli.o",0x20007b10,"./Services/cli/cli.o"
"s_history",data,2560,"Services/cli","cli.o",0x20007b10,"./Services/cli/cli.o"
"s_history",ccmram,2560,"Services/cli","cli.o",0x20007b10,"./Services/cli/cli.o"
"g_lines",bss,2304,"Services/log","log.o",0x20008854,"./Services/log/log.o"
"g_lines",data,2304,"Services/log","log.o",0x20008854,"./Services/log/log.o"
"g_lines",ccmram,2304,"Services/log","log.o",0x20008854,"./Services/log/log.o"
"g_pm",bss,1868,"Services/patch","patch_system.o",0x2001e574,"./Services/patch/patch_system.o"
"g_pm",data,1868,"Services/patch","patch_system.o",0x2001e574,"./Services/patch/patch_system.o"
"g_pm",ccmram,1868,"Services/patch","patch_system.o",0x2001e574,"./Services/patch/patch_system.o"
"event_buffer",bss,1792,"Services/midi_monitor","midi_monitor.o",0x20013b80,"./Services/midi_monitor/midi_monitor.o"
"event_buffer",data,1792,"Services/midi_monitor","midi_monitor.o",0x20013b80,"./Services/midi_monitor/midi_monitor.o"
"event_buffer",ccmram,1792,"Services/midi_monitor","midi_monitor.o",0x20013b80,"./Services/midi_monitor/midi_monitor.o"
"g_keys",bss,1280,"Services/ain","ain.o",0x20004a00,"./Services/ain/ain.o"
"g_keys",data,1280,"Services/ain","ain.o",0x20004a00,"./Services/ain/ain.o"
"g_keys",ccmram,1280,"Services/ain","ain.o",0x20004a00,"./Services/ain/ain.o"
"hpcd_USB_OTG_FS",bss,1252,"USB_DEVICE","usbd_conf.o",0x2002276c,"./USB_DEVICE/Target/usbd_conf.o"
"hpcd_USB_OTG_FS",data,1252,"USB_DEVICE","usbd_conf.o",0x2002276c,"./USB_DEVICE/Target/usbd_conf.o"
"hpcd_USB_OTG_FS",ccmram,1252,"USB_DEVICE","usbd_conf.o",0x2002276c,"./USB_DEVICE/Target/usbd_conf.o"
"pxReadyTasksLists",bss,1120,"Middlewares/FreeRTOS","tasks.o",0x20001bb0,"./Middlewares/Third_Party/FreeRTOS/Source/tasks.o"
"pxReadyTasksLists",data,1120,"Middlewares/FreeRTOS","tasks.o",0x20001bb0,"./Middlewares/Third_Party/FreeRTOS/Source/tasks.o"
"pxReadyTasksLists",ccmram,1120,"Middlewares/FreeRTOS","tasks.o",0x20001bb0,"./Middlewares/Third_Party/FreeRTOS/Source/tasks.o"
"s_rx",bss,1072,"Hal/uart_midi","hal_uart_midi.o",0x20000fb0,"./Hal/uart_midi/hal_uart_midi.o"
"s_rx",data,1072,"Hal/uart_midi","hal_uart_midi.o",0x20000fb0,"./Hal/uart_midi/hal_uart_midi.o"
"s_rx",ccmram,1072,"Hal/uart_midi","hal_uart_midi.o",0x20000fb0,"./Hal/uart_midi/hal_uart_midi.o"
"sysex_buffers",bss,1040,"Services/usb_midi","usb_midi.o",0x20021c40,"./Services/usb_midi/usb_midi.o"
"sysex_buffers",data,1040,"Services/usb_midi","usb_midi.o",0x20021c40,"./Services/usb_midi/usb_midi.o"
"sysex_buffers",ccmram,1040,"Services/usb_midi","usb_midi.o",0x20021c40,"./Services/usb_midi/usb_midi.o"
"Timer_Stack.0",bss,1024,"Middlewares/FreeRTOS","cmsis_os2.o",0x2000176c,"./Middlewares/Third_Party/FreeRTOS/Source/CMSIS_RTOS_V2/cmsis_os2.o"
"q",bss,1024,"Services/midi","midi_delayq.o",0x200135e0,"./Services/midi/midi_delayq.o"
"Timer_Stack.0",data,1024,"Middlewares/FreeRTOS","cmsis_os2.o",0x2000176c,"./Middlewares/Third_Party/FreeRTOS/Source/CMSIS_RTOS_V2/cmsis_os2.o"
"q",data,1024,"Services/midi","midi_delayq.o",0x200135e0,"./Services/midi/midi_delayq.o"
"Timer_Stack.0",ccmram,1024,"Middlewares/FreeRTOS","cmsis_os2.o",0x2000176c,"./Middlewares/Third_Party/FreeRTOS/Source/CMSIS_RTOS_V2/cmsis_os2.o"
"q",ccmram,1024,"Services/midi","midi_delayq.o",0x200135e0,"./Services/midi/midi_delayq.o"
"hUsbDeviceFS",bss,732,"USB_DEVICE","usb_device.o",0x20022080,"./USB_DEVICE/App/usb_device.o"
"hUsbDeviceFS",data,732,"USB_DEVICE","usb_device.o",0x20022080,"./USB_DEVICE/App/usb_device.o"
"hUsbDeviceFS",ccmram,732,"USB_DEVICE","usb_device.o",0x20022080,"./USB_DEVICE/App/usb_device.o"
"outbuf.0",bss,600,"App","calibration_task.o",0x2000071c,"./App/calibration_task.o"
"outbuf.0",data,600,"App","calibration_task.o",0x2000071c,"./App/calibration_task.o"
"outbuf.0",ccmram,600,"App","calibration_task.o",0x2000071c,"./App/calibration_task.o"
"g_fs",bss,564,"Services/patch","patch_sd_mount.o",0x2001e340,"./Services/patch/patch_sd_mount.o"
"g_fs",data,564,"Services/patch","patch_sd_mount.o",0x2001e340,"./Services/patch/patch_sd_mount.o"
"g_fs",ccmram,564,"Services/patch","patch_sd_mount.o",0x2001e340,"./Services/patch/patch_sd_mount.o"
"midi_class_data",bss,524,"USB_DEVICE","usbd_midi.o",0x2002255c,"./USB_DEVICE/Class/MIDI/Src/usbd_midi.o"
"midi_class_data",data,524,"USB_DEVICE","usbd_midi.o",0x2002255c,"./USB_DEVICE/Class/MIDI/Src/usbd_midi.o"
"midi_class_data",ccmram,524,"USB_DEVICE","usbd_midi.o",0x2002255c,"./USB_DEVICE/Class/MIDI/Src/usbd_midi.o"
"inbuf.1",bss,513,"App","calibration_task.o",0x20000518,"./App/calibration_task.o"
"inbuf.1",data,513,"App","calibration_task.o",0x20000518,"./App/calibration_task.o"
"inbuf.1",ccmram,513,"App","calibration_task.o",0x20000518,"./App/calibration_task.o"
"Idle_Stack.2",bss,512,"Middlewares/FreeRTOS","cmsis_os2.o",0x200014c4,"./Middlewares/Third_Party/FreeRTOS/Source/CMSIS_RTOS_V2/cmsis_os2.o"
"g_btn",bss,512,"Services/input","input.o",0x200085c0,"./Services/input/input.o"
"USBD_StrDesc",bss,512,"USB_DEVICE","usbd_desc.o",0x2002235c,"./USB_DEVICE/App/usbd_desc.o"
"Idle_Stack.2",data,512,"Middlewares/FreeRTOS","cmsis_os2.o",0x200014c4,"./Middlewares/Third_Party/FreeRTOS/Source/CMSIS_RTOS_V2/cmsis_os2.o"
"g_btn",data,512,"Services/input","input.o",0x200085c0,"./Services/input/input.o"
"USBD_StrDesc",data,512,"USB_DEVICE","usbd_desc.o",0x2002235c,"./USB_DEVICE/App/usbd_desc.o"
"Idle_Stack.2",ccmram,512,"Middlewares/FreeRTOS","cmsis_os2.o",0x200014c4,"./Middlewares/Third_Party/FreeRTOS/Source/CMSIS_RTOS_V2/cmsis_os2.o"
"g_btn",ccmram,512,"Services/input","input.o",0x200085c0,"./Services/input/input.o"
"USBD_StrDesc",ccmram,512,"USB_DEVICE","usbd_desc.o",0x2002235c,"./USB_DEVICE/App/usbd_desc.o"
"g_ctx",bss,416,"Services/midi","midi_din.o",0x200139e0,"./Services/midi/midi_din.o"
"g_ctx",data,416,"Services/midi","midi_din.o",0x200139e0,"./Services/midi/midi_din.o"
"g_ctx",ccmram,416,"Services/midi","midi_din.o",0x200139e0,"./Services/midi/midi_din.o"
"evq",bss,384,"Services/ain","ain.o",0x20005080,"./Services/ain/ain.o"
"evq",data,384,"Services/ain","ain.o",0x20005080,"./Services/ain/ain.o"
"evq",ccmram,384,"Services/ain","ain.o",0x20005080,"./Services/ain/ain.o"
"__global_locale",data,364,"Other/LibC","libc_nano.a(libc_a-locale.o",0x2000033c,"J:/soft/STM32CubeIDE_2.0.0/STM32CubeIDE/plugins/com.st.stm32cube.ide.mcu.externaltools.gnu-tools-for-stm32.13.3.rel1.win32_1.0.100.202509120712/tools/bin/../lib/gcc/arm-none-eabi/13.3.1/../../../../arm-none-eabi/lib/thumb/v7e-m+fp/hard\libc_nano.a(libc_a-locale.o)"
"g_quick_save_slots",bss,320,"Services/looper","looper.o",0x20009244,"./Services/looper/looper.o"
"g_quick_save_slots",data,320,"Services/looper","looper.o",0x20009244,"./Services/looper/looper.o"
"g_quick_save_slots",ccmram,320,"Services/looper","looper.o",0x20009244,"./Services/looper/looper.o"
"__sf",bss,312,"Other/LibC","libc_nano.a(libc_a-findfp.o",0x20022c58,"J:/soft/STM32CubeIDE_2.0.0/STM32CubeIDE/plugins/com.st.stm32cube.ide.mcu.externaltools.gnu-tools-for-stm32.13.3.rel1.win32_1.0.100.202509120712/tools/bin/../lib/gcc/arm-none-eabi/13.3.1/../../../../arm-none-eabi/lib/thumb/v7e-m+fp/hard\libc_nano.a(libc_a-findfp.o)"
"__sf",data,312,"Other/LibC","libc_nano.a(libc_a-findfp.o",0x20022c58,"J:/soft/STM32CubeIDE_2.0.0/STM32CubeIDE/plugins/com.st.stm32cube.ide.mcu.externaltools.gnu-tools-for-stm32.13.3.rel1.win32_1.0.100.202509120712/tools/bin/../lib/gcc/arm-none-eabi/13.3.1/../../../../arm-none-eabi/lib/thumb/v7e-m+fp/hard\libc_nano.a(libc_a-findfp.o)"
"__sf",ccmram,312,"Other/LibC","libc_nano.a(libc_a-findfp.o",0x20022c58,"J:/soft/STM32CubeIDE_2.0.0/STM32CubeIDE/plugins/com.st.stm32cube.ide.mcu.externaltools.gnu-tools-for-stm32.13.3.rel1.win32_1.0.100.202509120712/tools/bin/../lib/gcc/arm-none-eabi/13.3.1/../../../../arm-none-eabi/lib/thumb/v7e-m+fp/hard\libc_nano.a(libc_a-findfp.o)"
"mirror_lines",bss,264,"App","test_oled_mirror.o",0x20000978,"./App/tests/test_oled_mirror.o"
"mirror_lines",data,264,"App","test_oled_mirror.o",0x20000978,"./App/tests/test_oled_mirror.o"
"mirror_lines",ccmram,264,"App","test_oled_mirror.o",0x20000978,"./App/tests/test_oled_mirror.o"
"s_input_line",bss,256,"Services/cli","cli.o",0x20007a08,"./Services/cli/cli.o"
"s_input_line",data,256,"Services/cli","cli.o",0x20007a08,"./Services/cli/cli.o"
"s_input_line",ccmram,256,"Services/cli","cli.o",0x20007a08,"./Services/cli/cli.o"
"default_config_lines",data,224,"Services/patch","patch_default_config.o",0x20000050,"./Services/patch/patch_default_config.o"
"USBD_MIDI_CfgDesc",data,201,"USB_DEVICE","usbd_midi.o",0x20000258,"./USB_DEVICE/Class/MIDI/Src/usbd_midi.o"
"g_scenes",bss,192,"Services/looper","looper.o",0x2000939c,"./Services/looper/looper.o"
"g_scenes",data,192,"Services/looper","looper.o",0x2000939c,"./Services/looper/looper.o"
"g_scenes",ccmram,192,"Services/looper","looper.o",0x2000939c,"./Services/looper/looper.o"
"Idle_TCB.3",bss,168,"Middlewares/FreeRTOS","cmsis_os2.o",0x2000141c,"./Middlewares/Third_Party/FreeRTOS/Source/CMSIS_RTOS_V2/cmsis_os2.o"
"Timer_TCB.1",bss,168,"Middlewares/FreeRTOS","cmsis_os2.o",0x200016c4,"./Middlewares/Third_Party/FreeRTOS/Source/CMSIS_RTOS_V2/cmsis_os2.o"
"Idle_TCB.3",data,168,"Middlewares/FreeRTOS","cmsis_os2.o",0x2000141c,"./Middlewares/Third_Party/FreeRTOS/Source/CMSIS_RTOS_V2/cmsis_os2.o"
"Timer_TCB.1",data,168,"Middlewares/FreeRTOS","cmsis_os2.o",0x200016c4,"./Middlewares/Third_Party/FreeRTOS/Source/CMSIS_RTOS_V2/cmsis_os2.o"
"Idle_TCB.3",ccmram,168,"Middlewares/FreeRTOS","cmsis_os2.o",0x2000141c,"./Middlewares/Third_Party/FreeRTOS/Source/CMSIS_RTOS_V2/cmsis_os2.o"
"Timer_TCB.1",ccmram,168,"Middlewares/FreeRTOS","cmsis_os2.o",0x200016c4,"./Middlewares/Third_Party/FreeRTOS/Source/CMSIS_RTOS_V2/cmsis_os2.o"
"ucStaticTimerQueueStorage.1",bss,160,"Middlewares/FreeRTOS","timers.o",0x200020e8,"./Middlewares/Third_Party/FreeRTOS/Source/timers.o"
"g_midi_learn",bss,160,"Services/looper","looper.o",0x20009198,"./Services/looper/looper.o"
"ucStaticTimerQueueStorage.1",data,160,"Middlewares/FreeRTOS","timers.o",0x200020e8,"./Middlewares/Third_Party/FreeRTOS/Source/timers.o"
"g_midi_learn",data,160,"Services/looper","looper.o",0x20009198,"./Services/looper/looper.o"
"ucStaticTimerQueueStorage.1",ccmram,160,"Middlewares/FreeRTOS","timers.o",0x200020e8,"./Middlewares/Third_Party/FreeRTOS/Source/timers.o"
"g_midi_learn",ccmram,160,"Services/looper","looper.o",0x20009198,"./Services/looper/looper.o"
"g_dbg_raw",bss,128,"Services/ain","ain.o",0x20004f00,"./Services/ain/ain.o"
"g_dbg_filt",bss,128,"Services/ain","ain.o",0x20004f80,"./Services/ain/ain.o"
"g_dbg_pos14",bss,128,"Services/ain","ain.o",0x20005000,"./Services/ain/ain.o"
"g_last_error",bss,128,"Services/config_io","config_io.o",0x20008514,"./Services/config_io/config_io.o"
"s_modules",bss,128,"Services/module_registry","module_registry.o",0x200142b4,"./Services/module_registry/module_registry.o"
"sysex_buffer",bss,128,"Services/ui","ui_page_sysex.o",0x20021b88,"./Services/ui/ui_page_sysex.o"
"g_dbg_raw",data,128,"Services/ain","ain.o",0x20004f00,"./Services/ain/ain.o"
"g_dbg_filt",data,128,"Services/ain","ain.o",0x20004f80,"./Services/ain/ain.o"
"g_dbg_pos14",data,128,"Services/ain","ain.o",0x20005000,"./Services/ain/ain.o"
"g_last_error",data,128,"Services/config_io","config_io.o",0x20008514,"./Services/config_io/config_io.o"
"s_modules",data,128,"Services/module_registry","module_registry.o",0x200142b4,"./Services/module_registry/module_registry.o"
"sysex_buffer",data,128,"Services/ui","ui_page_sysex.o",0x20021b88,"./Services/ui/ui_page_sysex.o"
"g_dbg_raw",ccmram,128,"Services/ain","ain.o",0x20004f00,"./Services/ain/ain.o"
"g_dbg_filt",ccmram,128,"Services/ain","ain.o",0x20004f80,"./Services/ain/ain.o"
"g_dbg_pos14",ccmram,128,"Services/ain","ain.o",0x20005000,"./Services/ain/ain.o"
"g_last_error",ccmram,128,"Services/config_io","config_io.o",0x20008514,"./Services/config_io/config_io.o"
"s_modules",ccmram,128,"Services/module_registry","module_registry.o",0x200142b4,"./Services/module_registry/module_registry.o"
"sysex_buffer",ccmram,128,"Services/ui","ui_page_sysex.o",0x20021b88,"./Services/ui/ui_page_sysex.o"
"hdma_spi1_rx",bss,96,"Core","main.o",0x20000ca4,"./Core/Src/main.o"
"hdma_spi1_tx",bss,96,"Core","main.o",0x20000d04,"./Core/Src/main.o"
"hdma_usart3_rx",bss,96,"Core","main.o",0x20000ecc,"./Core/Src/main.o"
"g_lfo",bss,96,"Services/lfo","lfo.o",0x200087dc,"./Services/lfo/lfo.o"
"event_buffer",bss,96,"Services/ui","ui_page_midi_monitor.o",0x20021b1c,"./Services/ui/ui_page_midi_monitor.o"
"hdma_spi1_rx",data,96,"Core","main.o",0x20000ca4,"./Core/Src/main.o"
"hdma_spi1_tx",data,96,"Core","main.o",0x20000d04,"./Core/Src/main.o"
"hdma_usart3_rx",data,96,"Core","main.o",0x20000ecc,"./Core/Src/main.o"
"g_lfo",data,96,"Services/lfo","lfo.o",0x200087dc,"./Services/lfo/lfo.o"
"event_buffer",data,96,"Services/ui","ui_page_midi_monitor.o",0x20021b1c,"./Services/ui/ui_page_midi_monitor.o"
"hdma_spi1_rx",ccmram,96,"Core","main.o",0x20000ca4,"./Core/Src/main.o"
"hdma_spi1_tx",ccmram,96,"Core","main.o",0x20000d04,"./Core/Src/main.o"
"hdma_usart3_rx",ccmram,96,"Core","main.o",0x20000ecc,"./Core/Src/main.o"
"g_lfo",ccmram,96,"Services/lfo","lfo.o",0x200087dc,"./Services/lfo/lfo.o"
"event_buffer",ccmram,96,"Services/ui","ui_page_midi_monitor.o",0x20021b1c,"./Services/ui/ui_page_midi_monitor.o"
"g_chord_bank",bss,93,"Services/ui","ui.o",0x20020200,"./Services/ui/ui.o"
"g_chord_bank",data,93,"Services/ui","ui.o",0x20020200,"./Services/ui/ui.o"
"g_chord_bank",ccmram,93,"Services/ui","ui.o",0x20020200,"./Services/ui/ui.o"
"hspi1",bss,88,"Core","main.o",0x20000b9c,"./Core/Src/main.o"
"hspi2",bss,88,"Core","main.o",0x20000bf4,"./Core/Src/main.o"
"hspi3",bss,88,"Core","main.o",0x20000c4c,"./Core/Src/main.o"
"hspi1",data,88,"Core","main.o",0x20000b9c,"./Core/Src/main.o"
"hspi2",data,88,"Core","main.o",0x20000bf4,"./Core/Src/main.o"
"hspi3",data,88,"Core","main.o",0x20000c4c,"./Core/Src/main.o"
"hspi1",ccmram,88,"Core","main.o",0x20000b9c,"./Core/Src/main.o"
"hspi2",ccmram,88,"Core","main.o",0x20000bf4,"./Core/Src/main.o"
"hspi3",ccmram,88,"Core","main.o",0x20000c4c,"./Core/Src/main.o"
"hi2c1",bss,84,"Core","main.o",0x20000af4,"./Core/Src/main.o"
"hi2c2",bss,84,"Core","main.o",0x20000b48,"./Core/Src/main.o"
"hi2c1",data,84,"Core","main.o",0x20000af4,"./Core/Src/main.o"
"hi2c2",data,84,"Core","main.o",0x20000b48,"./Core/Src/main.o"
"hi2c1",ccmram,84,"Core","main.o",0x20000af4,"./Core/Src/main.o"
"hi2c2",ccmram,84,"Core","main.o",0x20000b48,"./Core/Src/main.o"
"xStaticTimerQueue.0",bss,80,"Middlewares/FreeRTOS","timers.o",0x20002188,"./Middlewares/Third_Party/FreeRTOS/Source/timers.o"
"xStaticTimerQueue.0",data,80,"Middlewares/FreeRTOS","timers.o",0x20002188,"./Middlewares/Third_Party/FreeRTOS/Source/timers.o"
"xStaticTimerQueue.0",ccmram,80,"Middlewares/FreeRTOS","timers.o",0x20002188,"./Middlewares/Third_Party/FreeRTOS/Source/timers.o"
"_impure_data",data,76,"Other/LibC","libc_nano.a(libc_a-impure.o",0x200004ac,"J:/soft/STM32CubeIDE_2.0.0/STM32CubeIDE/plugins/com.st.stm32cube.ide.mcu.externaltools.gnu-tools-for-stm32.13.3.rel1.win32_1.0.100.202509120712/tools/bin/../lib/gcc/arm-none-eabi/13.3.1/../../../../arm-none-eabi/lib/thumb/v7e-m+fp/hard\libc_nano.a(libc_a-impure.o)"
"hadc1",bss,72,"Core","main.o",0x20000a84,"./Core/Src/main.o"
"htim2",bss,72,"Core","main.o",0x20000d64,"./Core/Src/main.o"
"huart5",bss,72,"Core","main.o",0x20000dac,"./Core/Src/main.o"
"huart1",bss,72,"Core","main.o",0x20000df4,"./Core/Src/main.o"
"huart2",bss,72,"Core","main.o",0x20000e3c,"./Core/Src/main.o"
"huart3",bss,72,"Core","main.o",0x20000e84,"./Core/Src/main.o"
"htim6",bss,72,"Core","stm32f4xx_hal_timebase_tim.o",0x20000f30,"./Core/Src/stm32f4xx_hal_timebase_tim.o"
"hadc1",data,72,"Core","main.o",0x20000a84,"./Core/Src/main.o"
"htim2",data,72,"Core","main.o",0x20000d64,"./Core/Src/main.o"
"huart5",data,72,"Core","main.o",0x20000dac,"./Core/Src/main.o"
"huart1",data,72,"Core","main.o",0x20000df4,"./Core/Src/main.o"
"huart2",data,72,"Core","main.o",0x20000e3c,"./Core/Src/main.o"
"huart3",data,72,"Core","main.o",0x20000e84,"./Core/Src/main.o"
"htim6",data,72,"Core","stm32f4xx_hal_timebase_tim.o",0x20000f30,"./Core/Src/stm32f4xx_hal_timebase_tim.o"
"hadc1",ccmram,72,"Core","main.o",0x20000a84,"./Core/Src/main.o"
"htim2",ccmram,72,"Core","main.o",0x20000d64,"./Core/Src/main.o"
"huart5",ccmram,72,"Core","main.o",0x20000dac,"./Core/Src/main.o"
"huart1",ccmram,72,"Core","main.o",0x20000df4,"./Core/Src/main.o"
"huart2",ccmram,72,"Core","main.o",0x20000e3c,"./Core/Src/main.o"
"huart3",ccmram,72,"Core","main.o",0x20000e84,"./Core/Src/main.o"
"htim6",ccmram,72,"Core","stm32f4xx_hal_timebase_tim.o",0x20000f30,"./Core/Src/stm32f4xx_hal_timebase_tim.o"
"xQueueRegistry",bss,64,"Middlewares/FreeRTOS","queue.o",0x20001b6c,"./Middlewares/Third_Party/FreeRTOS/Source/queue.o"
"g_footswitch",bss,64,"Services/looper","looper.o",0x20009158,"./Services/looper/looper.o"
"config_data",bss,64,"Services/ui","ui_page_config.o",0x20020280,"./Services/ui/ui_page_config.o"
"status_msg",bss,64,"Services/ui","ui_page_config.o",0x200202c0,"./Services/ui/ui_page_config.o"
"xQueueRegistry",data,64,"Middlewares/FreeRTOS","queue.o",0x20001b6c,"./Middlewares/Third_Party/FreeRTOS/Source/queue.o"
"g_footswitch",data,64,"Services/looper","looper.o",0x20009158,"./Services/looper/looper.o"
"config_data",data,64,"Services/ui","ui_page_config.o",0x20020280,"./Services/ui/ui_page_config.o"
"status_msg",data,64,"Services/ui","ui_page_config.o",0x200202c0,"./Services/ui/ui_page_config.o"
"xQueueRegistry",ccmram,64,"Middlewares/FreeRTOS","queue.o",0x20001b6c,"./Middlewares/Third_Party/FreeRTOS/Source/queue.o"
"g_footswitch",ccmram,64,"Services/looper","looper.o",0x20009158,"./Services/looper/looper.o"
"config_data",ccmram,64,"Services/ui","ui_page_config.o",0x20020280,"./Services/ui/ui_page_config.o"
"status_msg",ccmram,64,"Services/ui","ui_page_config.o",0x200202c0,"./Services/ui/ui_page_config.o"
"scale_names",data,60,"Services/scale","scale.o",0x20000134,"./Services/scale/scale.o"
"USBD_MIDI",data,56,"USB_DEVICE","usbd_midi.o",0x20000220,"./USB_DEVICE/Class/MIDI/Src/usbd_midi.o"
"g_z",bss,48,"Services/zones","zones_cfg.o",0x20022050,"./Services/zones/zones_cfg.o"
"note_names",data,48,"Services/scale","scale.o",0x20000170,"./Services/scale/scale.o"
"g_z",data,48,"Services/zones","zones_cfg.o",0x20022050,"./Services/zones/zones_cfg.o"
"g_z",ccmram,48,"Services/zones","zones_cfg.o",0x20022050,"./Services/zones/zones_cfg.o"
"hcan1",bss,40,"Core","main.o",0x20000acc,"./Core/Src/main.o"
"g_tempo_tap",bss,40,"Services/looper","looper.o",0x2000949c,"./Services/looper/looper.o"
"g_stats",bss,40,"Services/rhythm_trainer","rhythm_trainer.o",0x2001ecf8,"./Services/rhythm_trainer/rhythm_trainer.o"
"hcan1",data,40,"Core","main.o",0x20000acc,"./Core/Src/main.o"
"g_tempo_tap",data,40,"Services/looper","looper.o",0x2000949c,"./Services/looper/looper.o"
"g_stats",data,40,"Services/rhythm_trainer","rhythm_trainer.o",0x2001ecf8,"./Services/rhythm_trainer/rhythm_trainer.o"
"hcan1",ccmram,40,"Core","main.o",0x20000acc,"./Core/Src/main.o"
"g_tempo_tap",ccmram,40,"Services/looper","looper.o",0x2000949c,"./Services/looper/looper.o"
"g_stats",ccmram,40,"Services/rhythm_trainer","rhythm_trainer.o",0x2001ecf8,"./Services/rhythm_trainer/rhythm_trainer.o"
"stats",bss,36,"Services/midi_monitor","midi_monitor.o",0x20014288,"./Services/midi_monitor/midi_monitor.o"
"stats",data,36,"Services/midi_monitor","midi_monitor.o",0x20014288,"./Services/midi_monitor/midi_monitor.o"
"stats",ccmram,36,"Services/midi_monitor","midi_monitor.o",0x20014288,"./Services/midi_monitor/midi_monitor.o"
"Files",bss,32,"Middlewares/Other","ff.o",0x200013ec,"./Middlewares/Third_Party/FatFs/src/ff.o"
"g_step",bss,32,"Services/looper","looper.o",0x20009478,"./Services/looper/looper.o"
"g_cfg",bss,32,"Services/pressure","pressure_i2c.o",0x2001ecc0,"./Services/pressure/pressure_i2c.o"
"g",bss,32,"Services/srio","srio.o",0x2002014c,"./Services/srio/srio.o"
"dout_dummy.0",bss,32,"Services/srio","srio.o",0x200201b0,"./Services/srio/srio.o"
"status_message",bss,32,"Services/ui","ui_page_sysex.o",0x20021c10,"./Services/ui/ui_page_sysex.o"
"Files",data,32,"Middlewares/Other","ff.o",0x200013ec,"./Middlewares/Third_Party/FatFs/src/ff.o"
"g_step",data,32,"Services/looper","looper.o",0x20009478,"./Services/looper/looper.o"
"g_cfg",data,32,"Services/pressure","pressure_i2c.o",0x2001ecc0,"./Services/pressure/pressure_i2c.o"
"g",data,32,"Services/srio","srio.o",0x2002014c,"./Services/srio/srio.o"
"dout_dummy.0",data,32,"Services/srio","srio.o",0x200201b0,"./Services/srio/srio.o"
"status_message",data,32,"Services/ui","ui_page_sysex.o",0x20021c10,"./Services/ui/ui_page_sysex.o"
"Files",ccmram,32,"Middlewares/Other","ff.o",0x200013ec,"./Middlewares/Third_Party/FatFs/src/ff.o"
"g_step",ccmram,32,"Services/looper","looper.o",0x20009478,"./Services/looper/looper.o"
"g_cfg",ccmram,32,"Services/pressure","pressure_i2c.o",0x2001ecc0,"./Services/pressure/pressure_i2c.o"
"g",ccmram,32,"Services/srio","srio.o",0x2002014c,"./Services/srio/srio.o"
"dout_dummy.0",ccmram,32,"Services/srio","srio.o",0x200201b0,"./Services/srio/srio.o"
"status_message",ccmram,32,"Services/ui","ui_page_sysex.o",0x20021c10,"./Services/ui/ui_page_sysex.o"
".bss",bss,28,"Other/LibC","crtbegin.o",0x200004f8,"J:/soft/STM32CubeIDE_2.0.0/STM32CubeIDE/plugins/com.st.stm32cube.ide.mcu.externaltools.gnu-tools-for-stm32.13.3.rel1.win32_1.0.100.202509120712/tools/bin/../lib/gcc/arm-none-eabi/13.3.1/thumb/v7e-m+fp/hard/crtbegin.o"
"FS_Desc",data,28,"USB_DEVICE","usbd_desc.o",0x20000204,"./USB_DEVICE/App/usbd_desc.o"
".bss",data,28,"Other/LibC","crtbegin.o",0x200004f8,"J:/soft/STM32CubeIDE_2.0.0/STM32CubeIDE/plugins/com.st.stm32cube.ide.mcu.externaltools.gnu-tools-for-stm32.13.3.rel1.win32_1.0.100.202509120712/tools/bin/../lib/gcc/arm-none-eabi/13.3.1/thumb/v7e-m+fp/hard/crtbegin.o"
".bss",ccmram,28,"Other/LibC","crtbegin.o",0x200004f8,"J:/soft/STM32CubeIDE_2.0.0/STM32CubeIDE/plugins/com.st.stm32cube.ide.mcu.externaltools.gnu-tools-for-stm32.13.3.rel1.win32_1.0.100.202509120712/tools/bin/../lib/gcc/arm-none-eabi/13.3.1/thumb/v7e-m+fp/hard/crtbegin.o"
"g_cfg",bss,24,"Services/instrument","instrument_cfg.o",0x200087c4,"./Services/instrument/instrument_cfg.o"
"g_livefx",bss,24,"Services/livefx","livefx.o",0x2000883c,"./Services/livefx/livefx.o"
"g_bank_label",data,24,"Services/ui","ui.o",0x200001a4,"./Services/ui/ui.o"
"g_patch_label",data,24,"Services/ui","ui.o",0x200001bc,"./Services/ui/ui.o"
"g_cfg",data,24,"Services/instrument","instrument_cfg.o",0x200087c4,"./Services/instrument/instrument_cfg.o"
"g_livefx",data,24,"Services/livefx","livefx.o",0x2000883c,"./Services/livefx/livefx.o"
"g_cfg",ccmram,24,"Services/instrument","instrument_cfg.o",0x200087c4,"./Services/instrument/instrument_cfg.o"
"g_livefx",ccmram,24,"Services/livefx","livefx.o",0x2000883c,"./Services/livefx/livefx.o"
"g_cfg",bss,22,"Services/expression","expression.o",0x20008598,"./Services/expression/expression.o"
"g_config",bss,22,"Services/rhythm_trainer","rhythm_trainer.o",0x2001ece0,"./Services/rhythm_trainer/rhythm_trainer.o"
"s_status_line",bss,22,"Services/ui","ui.o",0x200201dc,"./Services/ui/ui.o"
"g_cfg",data,22,"Services/expression","expression.o",0x20008598,"./Services/expression/expression.o"
"g_config",data,22,"Services/rhythm_trainer","rhythm_trainer.o",0x2001ece0,"./Services/rhythm_trainer/rhythm_trainer.o"
"s_status_line",data,22,"Services/ui","ui.o",0x200201dc,"./Services/ui/ui.o"
"g_cfg",ccmram,22,"Services/expression","expression.o",0x20008598,"./Services/expression/expression.o"
"g_config",ccmram,22,"Services/rhythm_trainer","rhythm_trainer.o",0x2001ece0,"./Services/rhythm_trainer/rhythm_trainer.o"
"s_status_line",ccmram,22,"Services/ui","ui.o",0x200201dc,"./Services/ui/ui.o"
"xDelayedTaskList1",bss,20,"Middlewares/FreeRTOS","tasks.o",0x20002010,"./Middlewares/Third_Party/FreeRTOS/Source/tasks.o"
"xDelayedTaskList2",bss,20,"Middlewares/FreeRTOS","tasks.o",0x20002024,"./Middlewares/Third_Party/FreeRTOS/Source/tasks.o"
"xPendingReadyList",bss,20,"Middlewares/FreeRTOS","tasks.o",0x20002040,"./Middlewares/Third_Party/FreeRTOS/Source/tasks.o"
"xTasksWaitingTermination",bss,20,"Middlewares/FreeRTOS","tasks.o",0x20002054,"./Middlewares/Third_Party/FreeRTOS/Source/tasks.o"
"xSuspendedTaskList",bss,20,"Middlewares/FreeRTOS","tasks.o",0x2000206c,"./Middlewares/Third_Party/FreeRTOS/Source/tasks.o"
"xActiveTimerList1",bss,20,"Middlewares/FreeRTOS","timers.o",0x200020ac,"./Middlewares/Third_Party/FreeRTOS/Source/timers.o"
"xActiveTimerList2",bss,20,"Middlewares/FreeRTOS","timers.o",0x200020c0,"./Middlewares/Third_Party/FreeRTOS/Source/timers.o"
"USER_Driver",data,20,"FATFS","user_diskio.o",0x2000000c,"./FATFS/Target/user_diskio.o"
"xDelayedTaskList1",data,20,"Middlewares/FreeRTOS","tasks.o",0x20002010,"./Middlewares/Third_Party/FreeRTOS/Source/tasks.o"
"xDelayedTaskList2",data,20,"Middlewares/FreeRTOS","tasks.o",0x20002024,"./Middlewares/Third_Party/FreeRTOS/Source/tasks.o"
"xPendingReadyList",data,20,"Middlewares/FreeRTOS","tasks.o",0x20002040,"./Middlewares/Third_Party/FreeRTOS/Source/tasks.o"
"xTasksWaitingTermination",data,20,"Middlewares/FreeRTOS","tasks.o",0x20002054,"./Middlewares/Third_Party/FreeRTOS/Source/tasks.o"
"xSuspendedTaskList",data,20,"Middlewares/FreeRTOS","tasks.o",0x2000206c,"./Middlewares/Third_Party/FreeRTOS/Source/tasks.o"
"xActiveTimerList1",data,20,"Middlewares/FreeRTOS","timers.o",0x200020ac,"./Middlewares/Third_Party/FreeRTOS/Source/timers.o"
"xActiveTimerList2",data,20,"Middlewares/FreeRTOS","timers.o",0x200020c0,"./Middlewares/Third_Party/FreeRTOS/Source/timers.o"
"xDelayedTaskList1",ccmram,20,"Middlewares/FreeRTOS","tasks.o",0x20002010,"./Middlewares/Third_Party/FreeRTOS/Source/tasks.o"
"xDelayedTaskList2",ccmram,20,"Middlewares/FreeRTOS","tasks.o",0x20002024,"./Middlewares/Third_Party/FreeRTOS/Source/tasks.o"
"xPendingReadyList",ccmram,20,"Middlewares/FreeRTOS","tasks.o",0x20002040,"./Middlewares/Third_Party/FreeRTOS/Source/tasks.o"
"xTasksWaitingTermination",ccmram,20,"Middlewares/FreeRTOS","tasks.o",0x20002054,"./Middlewares/Third_Party/FreeRTOS/Source/tasks.o"
"xSuspendedTaskList",ccmram,20,"Middlewares/FreeRTOS","tasks.o",0x2000206c,"./Middlewares/Third_Party/FreeRTOS/Source/tasks.o"
"xActiveTimerList1",ccmram,20,"Middlewares/FreeRTOS","timers.o",0x200020ac,"./Middlewares/Third_Party/FreeRTOS/Source/timers.o"
"xActiveTimerList2",ccmram,20,"Middlewares/FreeRTOS","timers.o",0x200020c0,"./Middlewares/Third_Party/FreeRTOS/Source/timers.o"
"USBD_FS_DeviceDesc",data,18,"USB_DEVICE","usbd_desc.o",0x200001ec,"./USB_DEVICE/App/usbd_desc.o"
"s_midi_uarts",bss,16,"Hal/uart_midi","hal_uart_midi.o",0x20000fa0,"./Hal/uart_midi/hal_uart_midi.o"
"g_humanize_params",bss,16,"Services/looper","looper.o",0x200135d0,"./Services/looper/looper.o"
"g_track_map",bss,16,"Services/router_hooks","router_hooks.o",0x20020134,"./Services/router_hooks/router_hooks.o"
"din.3",bss,16,"Services/srio","srio.o",0x20020180,"./Services/srio/srio.o"
"din_buffer.2",bss,16,"Services/srio","srio.o",0x20020190,"./Services/srio/srio.o"
"din_changed.1",bss,16,"Services/srio","srio.o",0x200201a0,"./Services/srio/srio.o"
"s_midi_uarts",data,16,"Hal/uart_midi","hal_uart_midi.o",0x20000fa0,"./Hal/uart_midi/hal_uart_midi.o"
"g_humanize_params",data,16,"Services/looper","looper.o",0x200135d0,"./Services/looper/looper.o"
"g_track_map",data,16,"Services/router_hooks","router_hooks.o",0x20020134,"./Services/router_hooks/router_hooks.o"
"din.3",data,16,"Services/srio","srio.o",0x20020180,"./Services/srio/srio.o"
"din_buffer.2",data,16,"Services/srio","srio.o",0x20020190,"./Services/srio/srio.o"
"din_changed.1",data,16,"Services/srio","srio.o",0x200201a0,"./Services/srio/srio.o"
"s_midi_uarts",ccmram,16,"Hal/uart_midi","hal_uart_midi.o",0x20000fa0,"./Hal/uart_midi/hal_uart_midi.o"
"g_humanize_params",ccmram,16,"Services/looper","looper.o",0x200135d0,"./Services/looper/looper.o"
"g_track_map",ccmram,16,"Services/router_hooks","router_hooks.o",0x20020134,"./Services/router_hooks/router_hooks.o"
"din.3",ccmram,16,"Services/srio","srio.o",0x20020180,"./Services/srio/srio.o"
"din_buffer.2",ccmram,16,"Services/srio","srio.o",0x20020190,"./Services/srio/srio.o"
"din_changed.1",ccmram,16,"Services/srio","srio.o",0x200201a0,"./Services/srio/srio.o"
"disk",bss,12,"Middlewares/Other","ff_gen_drv.o",0x2000140c,"./Middlewares/Third_Party/FatFs/src/ff_gen_drv.o"
"g_scene_chains",bss,12,"Services/looper","looper.o",0x20009460,"./Services/looper/looper.o"
"g_randomize_params",bss,12,"Services/looper","looper.o",0x200135c4,"./Services/looper/looper.o"
"midi_fops",data,12,"Services/usb_midi","usb_midi.o",0x200001e0,"./Services/usb_midi/usb_midi.o"
"__sglue",data,12,"Other/LibC","libc_nano.a(libc_a-findfp.o",0x20000330,"J:/soft/STM32CubeIDE_2.0.0/STM32CubeIDE/plugins/com.st.stm32cube.ide.mcu.externaltools.gnu-tools-for-stm32.13.3.rel1.win32_1.0.100.202509120712/tools/bin/../lib/gcc/arm-none-eabi/13.3.1/../../../../arm-none-eabi/lib/thumb/v7e-m+fp/hard\libc_nano.a(libc_a-findfp.o)"
"disk",data,12,"Middlewares/Other","ff_gen_drv.o",0x2000140c,"./Middlewares/Third_Party/FatFs/src/ff_gen_drv.o"
"g_scene_chains",data,12,"Services/looper","looper.o",0x20009460,"./Services/looper/looper.o"
"g_randomize_params",data,12,"Services/looper","looper.o",0x200135c4,"./Services/looper/looper.o"
"disk",ccmram,12,"Middlewares/Other","ff_gen_drv.o",0x2000140c,"./Middlewares/Third_Party/FatFs/src/ff_gen_drv.o"
"g_scene_chains",ccmram,12,"Services/looper","looper.o",0x20009460,"./Services/looper/looper.o"
"g_randomize_params",ccmram,12,"Services/looper","looper.o",0x200135c4,"./Services/looper/looper.o"
"g_button_state",bss,10,"Services/ui","ui.o",0x20020260,"./Services/ui/ui.o"
"USBD_MIDI_DeviceQualifierDesc",data,10,"USB_DEVICE","usbd_midi.o",0x20000324,"./USB_DEVICE/Class/MIDI/Src/usbd_midi.o"
"g_button_state",data,10,"Services/ui","ui.o",0x20020260,"./Services/ui/ui.o"
"g_button_state",ccmram,10,"Services/ui","ui.o",0x20020260,"./Services/ui/ui.o"
"g_mux_port_map",bss,8,"Hal/ainser64_hw","hal_ainser64_hw_step.o",0x20000f8c,"./Hal/ainser64_hw/hal_ainser64_hw_step.o"
"xStart",bss,8,"Middlewares/FreeRTOS","heap_4.o",0x200049e0,"./Middlewares/Third_Party/FreeRTOS/Source/portable/MemMang/heap_4.o"
"g_midi_learn_state",bss,8,"Services/looper","looper.o",0x2000923c,"./Services/looper/looper.o"
"g_length_constraints",bss,8,"Services/looper","looper.o",0x2000946c,"./Services/looper/looper.o"
"config",data,8,"Services/ui","ui_page_midi_monitor.o",0x200001d8,"./Services/ui/ui_page_midi_monitor.o"
"g_mux_port_map",data,8,"Hal/ainser64_hw","hal_ainser64_hw_step.o",0x20000f8c,"./Hal/ainser64_hw/hal_ainser64_hw_step.o"
"xStart",data,8,"Middlewares/FreeRTOS","heap_4.o",0x200049e0,"./Middlewares/Third_Party/FreeRTOS/Source/portable/MemMang/heap_4.o"
"g_midi_learn_state",data,8,"Services/looper","looper.o",0x2000923c,"./Services/looper/looper.o"
"g_length_constraints",data,8,"Services/looper","looper.o",0x2000946c,"./Services/looper/looper.o"
"g_mux_port_map",ccmram,8,"Hal/ainser64_hw","hal_ainser64_hw_step.o",0x20000f8c,"./Hal/ainser64_hw/hal_ainser64_hw_step.o"
"xStart",ccmram,8,"Middlewares/FreeRTOS","heap_4.o",0x200049e0,"./Middlewares/Third_Party/FreeRTOS/Source/portable/MemMang/heap_4.o"
"g_midi_learn_state",ccmram,8,"Services/looper","looper.o",0x2000923c,"./Services/looper/looper.o"
"g_length_constraints",ccmram,8,"Services/looper","looper.o",0x2000946c,"./Services/looper/looper.o"
"config",bss,7,"Services/midi_monitor","midi_monitor.o",0x200142ac,"./Services/midi_monitor/midi_monitor.o"
"config",data,7,"Services/midi_monitor","midi_monitor.o",0x200142ac,"./Services/midi_monitor/midi_monitor.o"
"config",ccmram,7,"Services/midi_monitor","midi_monitor.o",0x200142ac,"./Services/midi_monitor/midi_monitor.o"
"g_tp",data,6,"Services/looper","looper.o",0x20000040,"./Services/looper/looper.o"
"defaultTaskHandle",bss,4,"Core","main.o",0x20000f2c,"./Core/Src/main.o"
"__sbrk_heap_end",bss,4,"Core","sysmem.o",0x20000f78,"./Core/Src/sysmem.o"
"uwTick",bss,4,"Drivers","stm32f4xx_hal.o",0x20000f7c,"./Drivers/STM32F4xx_HAL_Driver/Src/stm32f4xx_hal.o"
"USERPath",bss,4,"FATFS","fatfs.o",0x20000f84,"./FATFS/App/fatfs.o"
"g_spi1_mutex",bss,4,"Hal/spi_bus.o","spi_bus.o",0x20000f98,"./Hal/spi_bus.o"
"g_spi3_mutex",bss,4,"Hal/spi_bus.o","spi_bus.o",0x20000f9c,"./Hal/spi_bus.o"
"FatFs",bss,4,"Middlewares/Other","ff.o",0x200013e4,"./Middlewares/Third_Party/FatFs/src/ff.o"
"KernelState",bss,4,"Middlewares/FreeRTOS","cmsis_os2.o",0x20001418,"./Middlewares/Third_Party/FreeRTOS/Source/CMSIS_RTOS_V2/cmsis_os2.o"
"pxCurrentTCB",bss,4,"Middlewares/FreeRTOS","tasks.o",0x20001bac,"./Middlewares/Third_Party/FreeRTOS/Source/tasks.o"
"pxDelayedTaskList",bss,4,"Middlewares/FreeRTOS","tasks.o",0x20002038,"./Middlewares/Third_Party/FreeRTOS/Source/tasks.o"
"pxOverflowDelayedTaskList",bss,4,"Middlewares/FreeRTOS","tasks.o",0x2000203c,"./Middlewares/Third_Party/FreeRTOS/Source/tasks.o"
"uxDeletedTasksWaitingCleanUp",bss,4,"Middlewares/FreeRTOS","tasks.o",0x20002068,"./Middlewares/Third_Party/FreeRTOS/Source/tasks.o"
"uxCurrentNumberOfTasks",bss,4,"Middlewares/FreeRTOS","tasks.o",0x20002080,"./Middlewares/Third_Party/FreeRTOS/Source/tasks.o"
"xTickCount",bss,4,"Middlewares/FreeRTOS","tasks.o",0x20002084,"./Middlewares/Third_Party/FreeRTOS/Source/tasks.o"
"uxTopReadyPriority",bss,4,"Middlewares/FreeRTOS","tasks.o",0x20002088,"./Middlewares/Third_Party/FreeRTOS/Source/tasks.o"
"xSchedulerRunning",bss,4,"Middlewares/FreeRTOS","tasks.o",0x2000208c,"./Middlewares/Third_Party/FreeRTOS/Source/tasks.o"
"xPendedTicks",bss,4,"Middlewares/FreeRTOS","tasks.o",0x20002090,"./Middlewares/Third_Party/FreeRTOS/Source/tasks.o"
"xYieldPending",bss,4,"Middlewares/FreeRTOS","tasks.o",0x20002094,"./Middlewares/Third_Party/FreeRTOS/Source/tasks.o"
"xNumOfOverflows",bss,4,"Middlewares/FreeRTOS","tasks.o",0x20002098,"./Middlewares/Third_Party/FreeRTOS/Source/tasks.o"
"uxTaskNumber",bss,4,"Middlewares/FreeRTOS","tasks.o",0x2000209c,"./Middlewares/Third_Party/FreeRTOS/Source/tasks.o"
"xNextTaskUnblockTime",bss,4,"Middlewares/FreeRTOS","tasks.o",0x200020a0,"./Middlewares/Third_Party/FreeRTOS/Source/tasks.o"
"xIdleTaskHandle",bss,4,"Middlewares/FreeRTOS","tasks.o",0x200020a4,"./Middlewares/Third_Party/FreeRTOS/Source/tasks.o"
"uxSchedulerSuspended",bss,4,"Middlewares/FreeRTOS","tasks.o",0x200020a8,"./Middlewares/Third_Party/FreeRTOS/Source/tasks.o"
"pxCurrentTimerList",bss,4,"Middlewares/FreeRTOS","timers.o",0x200020d4,"./Middlewares/Third_Party/FreeRTOS/Source/timers.o"
"pxOverflowTimerList",bss,4,"Middlewares/FreeRTOS","timers.o",0x200020d8,"./Middlewares/Third_Party/FreeRTOS/Source/timers.o"
"xTimerQueue",bss,4,"Middlewares/FreeRTOS","timers.o",0x200020dc,"./Middlewares/Third_Party/FreeRTOS/Source/timers.o"
"xTimerTaskHandle",bss,4,"Middlewares/FreeRTOS","timers.o",0x200020e0,"./Middlewares/Third_Party/FreeRTOS/Source/timers.o"
"xLastTime.2",bss,4,"Middlewares/FreeRTOS","timers.o",0x200020e4,"./Middlewares/Third_Party/FreeRTOS/Source/timers.o"
"ulMaxPRIGROUPValue",bss,4,"Middlewares/FreeRTOS","port.o",0x200021dc,"./Middlewares/Third_Party/FreeRTOS/Source/portable/GCC/ARM_CM4F/port.o"
"pxEnd",bss,4,"Middlewares/FreeRTOS","heap_4.o",0x200049e8,"./Middlewares/Third_Party/FreeRTOS/Source/portable/MemMang/heap_4.o"
"xFreeBytesRemaining",bss,4,"Middlewares/FreeRTOS","heap_4.o",0x200049ec,"./Middlewares/Third_Party/FreeRTOS/Source/portable/MemMang/heap_4.o"
"xMinimumEverFreeBytesRemaining",bss,4,"Middlewares/FreeRTOS","heap_4.o",0x200049f0,"./Middlewares/Third_Party/FreeRTOS/Source/portable/MemMang/heap_4.o"
"xNumberOfSuccessfulAllocations",bss,4,"Middlewares/FreeRTOS","heap_4.o",0x200049f4,"./Middlewares/Third_Party/FreeRTOS/Source/portable/MemMang/heap_4.o"
"xNumberOfSuccessfulFrees",bss,4,"Middlewares/FreeRTOS","heap_4.o",0x200049f8,"./Middlewares/Third_Party/FreeRTOS/Source/portable/MemMang/heap_4.o"
"xBlockAllocatedBit",bss,4,"Middlewares/FreeRTOS","heap_4.o",0x200049fc,"./Middlewares/Third_Party/FreeRTOS/Source/portable/MemMang/heap_4.o"
"s_command_count",bss,4,"Services/cli","cli.o",0x20007a04,"./Services/cli/cli.o"
"s_input_pos",bss,4,"Services/cli","cli.o",0x20007b08,"./Services/cli/cli.o"
"g_pa",bss,4,"Services/expression","expression.o",0x200085b0,"./Services/expression/expression.o"
"g_ms",bss,4,"Services/expression","expression.o",0x200085b4,"./Services/expression/expression.o"
"g_filt",bss,4,"Services/expression","expression.o",0x200085b8,"./Services/expression/expression.o"
"g_ticks_per_ms_q16",bss,4,"Services/looper","looper.o",0x20009384,"./Services/looper/looper.o"
"g_acc_q16",bss,4,"Services/looper","looper.o",0x20009388,"./Services/looper/looper.o"
"g_mutex",bss,4,"Services/looper","looper.o",0x2000938c,"./Services/looper/looper.o"
"g_track_muted",bss,4,"Services/looper","looper.o",0x20009390,"./Services/looper/looper.o"
"g_track_solo",bss,4,"Services/looper","looper.o",0x20009394,"./Services/looper/looper.o"
"g_track_links",bss,4,"Services/looper","looper.o",0x20009474,"./Services/looper/looper.o"
"g_step_size",bss,4,"Services/looper","looper.o",0x20009498,"./Services/looper/looper.o"
"s_module_count",bss,4,"Services/module_registry","module_registry.o",0x20014334,"./Services/module_registry/module_registry.o"
"g_count",bss,4,"Services/patch","patch_adv.o",0x2001e33c,"./Services/patch/patch_adv.o"
"g_last_error",bss,4,"Services/rhythm_trainer","rhythm_trainer.o",0x2001ed24,"./Services/rhythm_trainer/rhythm_trainer.o"
"g_mutex",bss,4,"Services/rhythm_trainer","rhythm_trainer.o",0x2001ed28,"./Services/rhythm_trainer/rhythm_trainer.o"
"g_send",bss,4,"Services/router","router.o",0x2002012c,"./Services/router/router.o"
"g_router_mutex",bss,4,"Services/router","router.o",0x20020130,"./Services/router/router.o"
"g_timestamp_ms",bss,4,"Services/router_hooks","router_hooks.o",0x20020144,"./Services/router_hooks/router_hooks.o"
"g_din",bss,4,"Services/srio","srio.o",0x20020174,"./Services/srio/srio.o"
"g_din_buffer",bss,4,"Services/srio","srio.o",0x20020178,"./Services/srio/srio.o"
"g_din_changed",bss,4,"Services/srio","srio.o",0x2002017c,"./Services/srio/srio.o"
"g_panic_code",bss,4,"Services/system","panic.o",0x200201d4,"./Services/system/panic.o"
"g_ms",bss,4,"Services/ui","ui.o",0x200201f4,"./Services/ui/ui.o"
"g_last_flush",bss,4,"Services/ui","ui.o",0x200201f8,"./Services/ui/ui.o"
"g_fb",bss,4,"Services/ui","ui_gfx.o",0x2002026c,"./Services/ui/ui_gfx.o"
"status_msg_time",bss,4,"Services/ui","ui_page_config.o",0x20020300,"./Services/ui/ui_page_config.o"
"g_cursor_tick",bss,4,"Services/ui","ui_page_looper_timeline.o",0x2002030c,"./Services/ui/ui_page_looper_timeline.o"
"g_sel_idx",bss,4,"Services/ui","ui_page_looper_timeline.o",0x20020310,"./Services/ui/ui_page_looper_timeline.o"
"snap_n",bss,4,"Services/ui","ui_page_looper_timeline.o",0x20021b18,"./Services/ui/ui_page_looper_timeline.o"
"last_update_time",bss,4,"Services/ui","ui_page_midi_monitor.o",0x20021b80,"./Services/ui/ui_page_midi_monitor.o"
"status_start_time",bss,4,"Services/ui","ui_page_sysex.o",0x20021c30,"./Services/ui/ui_page_sysex.o"
"s_ms",bss,4,"Services/ui","ui_state.o",0x20021c38,"./Services/ui/ui_state.o"
"s_last_save_ms",bss,4,"Services/ui","ui_state.o",0x20021c3c,"./Services/ui/ui_state.o"
"midi_fops",bss,4,"USB_DEVICE","usbd_midi.o",0x20022768,"./USB_DEVICE/Class/MIDI/Src/usbd_midi.o"
"__malloc_sbrk_start",bss,4,"Other/LibC","libc_nano.a(libc_a-mallocr.o",0x20022c50,"J:/soft/STM32CubeIDE_2.0.0/STM32CubeIDE/plugins/com.st.stm32cube.ide.mcu.externaltools.gnu-tools-for-stm32.13.3.rel1.win32_1.0.100.202509120712/tools/bin/../lib/gcc/arm-none-eabi/13.3.1/../../../../arm-none-eabi/lib/thumb/v7e-m+fp/hard\libc_nano.a(libc_a-mallocr.o)"
"__malloc_free_list",bss,4,"Other/LibC","libc_nano.a(libc_a-mallocr.o",0x20022c54,"J:/soft/STM32CubeIDE_2.0.0/STM32CubeIDE/plugins/com.st.stm32cube.ide.mcu.externaltools.gnu-tools-for-stm32.13.3.rel1.win32_1.0.100.202509120712/tools/bin/../lib/gcc/arm-none-eabi/13.3.1/../../../../arm-none-eabi/lib/thumb/v7e-m+fp/hard\libc_nano.a(libc_a-mallocr.o)"
"__stdio_exit_handler",bss,4,"Other/LibC","libc_nano.a(libc_a-findfp.o",0x20022d90,"J:/soft/STM32CubeIDE_2.0.0/STM32CubeIDE/plugins/com.st.stm32cube.ide.mcu.externaltools.gnu-tools-for-stm32.13.3.rel1.win32_1.0.100.202509120712/tools/bin/../lib/gcc/arm-none-eabi/13.3.1/../../../../arm-none-eabi/lib/thumb/v7e-m+fp/hard\libc_nano.a(libc_a-findfp.o)"
"errno",bss,4,"Other/LibC","libc_nano.a(libc_a-reent.o",0x20022d94,"J:/soft/STM32CubeIDE_2.0.0/STM32CubeIDE/plugins/com.st.stm32cube.ide.mcu.externaltools.gnu-tools-for-stm32.13.3.rel1.win32_1.0.100.202509120712/tools/bin/../lib/gcc/arm-none-eabi/13.3.1/../../../../arm-none-eabi/lib/thumb/v7e-m+fp/hard\libc_nano.a(libc_a-reent.o)"
"SystemCoreClock",data,4,"Core","system_stm32f4xx.o",0x20000000,"./Core/Src/system_stm32f4xx.o"
"uwTickPrio",data,4,"Drivers","stm32f4xx_hal.o",0x20000004,"./Drivers/STM32F4xx_HAL_Driver/Src/stm32f4xx_hal.o"
"presc_sd",data,4,"Hal/spi_bus.o","spi_bus.o",0x20000024,"./Hal/spi_bus.o"
"presc_ain",data,4,"Hal/spi_bus.o","spi_bus.o",0x20000028,"./Hal/spi_bus.o"
"uxCriticalNesting",data,4,"Middlewares/FreeRTOS","port.o",0x2000002c,"./Middlewares/Third_Party/FreeRTOS/Source/portable/GCC/ARM_CM4F/port.o"
"g_rng",data,4,"Services/humanize","humanize.o",0x20000034,"./Services/humanize/humanize.o"
"g_random_seed",data,4,"Services/lfo","lfo.o",0x2000003c,"./Services/lfo/lfo.o"
"quantize_resolution",data,4,"Services/looper","looper.o",0x20000048,"./Services/looper/looper.o"
"g_rand_seed",data,4,"Services/looper","looper.o",0x2000004c,"./Services/looper/looper.o"
"USBD_LangIDDesc",data,4,"USB_DEVICE","usbd_desc.o",0x20000200,"./USB_DEVICE/App/usbd_desc.o"
"_impure_ptr",data,4,"Other/LibC","libc_nano.a(libc_a-impure.o",0x200004a8,"J:/soft/STM32CubeIDE_2.0.0/STM32CubeIDE/plugins/com.st.stm32cube.ide.mcu.externaltools.gnu-tools-for-stm32.13.3.rel1.win32_1.0.100.202509120712/tools/bin/../lib/gcc/arm-none-eabi/13.3.1/../../../../arm-none-eabi/lib/thumb/v7e-m+fp/hard\libc_nano.a(libc_a-impure.o)"
"defaultTaskHandle",data,4,"Core","main.o",0x20000f2c,"./Core/Src/main.o"
"__sbrk_heap_end",data,4,"Core","sysmem.o",0x20000f78,"./Core/Src/sysmem.o"
"uwTick",data,4,"Drivers","stm32f4xx_hal.o",0x20000f7c,"./Drivers/STM32F4xx_HAL_Driver/Src/stm32f4xx_hal.o"
"USERPath",data,4,"FATFS","fatfs.o",0x20000f84,"./FATFS/App/fatfs.o"
"g_spi1_mutex",data,4,"Hal/spi_bus.o","spi_bus.o",0x20000f98,"./Hal/spi_bus.o"
"g_spi3_mutex",data,4,"Hal/spi_bus.o","spi_bus.o",0x20000f9c,"./Hal/spi_bus.o"
"FatFs",data,4,"Middlewares/Other","ff.o",0x200013e4,"./Middlewares/Third_Party/FatFs/src/ff.o"
"KernelState",data,4,"Middlewares/FreeRTOS","cmsis_os2.o",0x20001418,"./Middlewares/Third_Party/FreeRTOS/Source/CMSIS_RTOS_V2/cmsis_os2.o"
"pxCurrentTCB",data,4,"Middlewares/FreeRTOS","tasks.o",0x20001bac,"./Middlewares/Third_Party/FreeRTOS/Source/tasks.o"
"pxDelayedTaskList",data,4,"Middlewares/FreeRTOS","tasks.o",0x20002038,"./Middlewares/Third_Party/FreeRTOS/Source/tasks.o"
"pxOverflowDelayedTaskList",data,4,"Middlewares/FreeRTOS","tasks.o",0x2000203c,"./Middlewares/Third_Party/FreeRTOS/Source/tasks.o"
"uxDeletedTasksWaitingCleanUp",data,4,"Middlewares/FreeRTOS","tasks.o",0x20002068,"./Middlewares/Third_Party/FreeRTOS/Source/tasks.o"
"uxCurrentNumberOfTasks",data,4,"Middlewares/FreeRTOS","tasks.o",0x20002080,"./Middlewares/Third_Party/FreeRTOS/Source/tasks.o"
"xTickCount",data,4,"Middlewares/FreeRTOS","tasks.o",0x20002084,"./Middlewares/Third_Party/FreeRTOS/Source/tasks.o"
"uxTopReadyPriority",data,4,"Middlewares/FreeRTOS","tasks.o",0x20002088,"./Middlewares/Third_Party/FreeRTOS/Source/tasks.o"
"xSchedulerRunning",data,4,"Middlewares/FreeRTOS","tasks.o",0x2000208c,"./Middlewares/Third_Party/FreeRTOS/Source/tasks.o"
"xPendedTicks",data,4,"Middlewares/FreeRTOS","tasks.o",0x20002090,"./Middlewares/Third_Party/FreeRTOS/Source/tasks.o"
"xYieldPending",data,4,"Middlewares/FreeRTOS","tasks.o",0x20002094,"./Middlewares/Third_Party/FreeRTOS/Source/tasks.o"
"xNumOfOverflows",data,4,"Middlewares/FreeRTOS","tasks.o",0x20002098,"./Middlewares/Third_Party/FreeRTOS/Source/tasks.o"
"uxTaskNumber",data,4,"Middlewares/FreeRTOS","tasks.o",0x2000209c,"./Middlewares/Third_Party/FreeRTOS/Source/tasks.o"
"xNextTaskUnblockTime",data,4,"Middlewares/FreeRTOS","tasks.o",0x200020a0,"./Middlewares/Third_Party/FreeRTOS/Source/tasks.o"
"xIdleTaskHandle",data,4,"Middlewares/FreeRTOS","tasks.o",0x200020a4,"./Middlewares/Third_Party/FreeRTOS/Source/tasks.o"
"uxSchedulerSuspended",data,4,"Middlewares/FreeRTOS","tasks.o",0x200020a8,"./Middlewares/Third_Party/FreeRTOS/Source/tasks.o"
"pxCurrentTimerList",data,4,"Middlewares/FreeRTOS","timers.o",0x200020d4,"./Middlewares/Third_Party/FreeRTOS/Source/timers.o"
"pxOverflowTimerList",data,4,"Middlewares/FreeRTOS","timers.o",0x200020d8,"./Middlewares/Third_Party/FreeRTOS/Source/timers.o"
"xTimerQueue",data,4,"Middlewares/FreeRTOS","timers.o",0x200020dc,"./Middlewares/Third_Party/FreeRTOS/Source/timers.o"
"xTimerTaskHandle",data,4,"Middlewares/FreeRTOS","timers.o",0x200020e0,"./Middlewares/Third_Party/FreeRTOS/Source/timers.o"
"xLastTime.2",data,4,"Middlewares/FreeRTOS","timers.o",0x200020e4,"./Middlewares/Third_Party/FreeRTOS/Source/timers.o"
"ulMaxPRIGROUPValue",data,4,"Middlewares/FreeRTOS","port.o",0x200021dc,"./Middlewares/Third_Party/FreeRTOS/Source/portable/GCC/ARM_CM4F/port.o"
"pxEnd",data,4,"Middlewares/FreeRTOS","heap_4.o",0x200049e8,"./Middlewares/Third_Party/FreeRTOS/Source/portable/MemMang/heap_4.o"
"xFreeBytesRemaining",data,4,"Middlewares/FreeRTOS","heap_4.o",0x200049ec,"./Middlewares/Third_Party/FreeRTOS/Source/portable/MemMang/heap_4.o"
"xMinimumEverFreeBytesRemaining",data,4,"Middlewares/FreeRTOS","heap_4.o",0x200049f0,"./Middlewares/Third_Party/FreeRTOS/Source/portable/MemMang/heap_4.o"
"xNumberOfSuccessfulAllocations",data,4,"Middlewares/FreeRTOS","heap_4.o",0x200049f4,"./Middlewares/Third_Party/FreeRTOS/Source/portable/MemMang/heap_4.o"
"xNumberOfSuccessfulFrees",data,4,"Middlewares/FreeRTOS","heap_4.o",0x200049f8,"./Middlewares/Third_Party/FreeRTOS/Source/portable/MemMang/heap_4.o"
"xBlockAllocatedBit",data,4,"Middlewares/FreeRTOS","heap_4.o",0x200049fc,"./Middlewares/Third_Party/FreeRTOS/Source/portable/MemMang/heap_4.o"
"s_command_count",data,4,"Services/cli","cli.o",0x20007a04,"./Services/cli/cli.o"
"s_input_pos",data,4,"Services/cli","cli.o",0x20007b08,"./Services/cli/cli.o"
"g_pa",data,4,"Services/expression","expression.o",0x200085b0,"./Services/expression/expression.o"
"g_ms",data,4,"Services/expression","expression.o",0x200085b4,"./Services/expression/expression.o"
"g_filt",data,4,"Services/expression","expression.o",0x200085b8,"./Services/expression/expression.o"
"g_ticks_per_ms_q16",data,4,"Services/looper","looper.o",0x20009384,"./Services/looper/looper.o"
"g_acc_q16",data,4,"Services/looper","looper.o",0x20009388,"./Services/looper/looper.o"
"g_mutex",data,4,"Services/looper","looper.o",0x2000938c,"./Services/looper/looper.o"
"g_track_muted",data,4,"Services/looper","looper.o",0x20009390,"./Services/looper/looper.o"
"g_track_solo",data,4,"Services/looper","looper.o",0x20009394,"./Services/looper/looper.o"
"g_track_links",data,4,"Services/looper","looper.o",0x20009474,"./Services/looper/looper.o"
"g_step_size",data,4,"Services/looper","looper.o",0x20009498,"./Services/looper/looper.o"
"s_module_count",data,4,"Services/module_registry","module_registry.o",0x20014334,"./Services/module_registry/module_registry.o"
"g_count",data,4,"Services/patch","patch_adv.o",0x2001e33c,"./Services/patch/patch_adv.o"
"g_last_error",data,4,"Services/rhythm_trainer","rhythm_trainer.o",0x2001ed24,"./Services/rhythm_trainer/rhythm_trainer.o"
"g_mutex",data,4,"Services/rhythm_trainer","rhythm_trainer.o",0x2001ed28,"./Services/rhythm_trainer/rhythm_trainer.o"
"g_send",data,4,"Services/router","router.o",0x2002012c,"./Services/router/router.o"
"g_router_mutex",data,4,"Services/router","router.o",0x20020130,"./Services/router/router.o"
"g_timestamp_ms",data,4,"Services/router_hooks","router_hooks.o",0x20020144,"./Services/router_hooks/router_hooks.o"
"g_din",data,4,"Services/srio","srio.o",0x20020174,"./Services/srio/srio.o"
"g_din_buffer",data,4,"Services/srio","srio.o",0x20020178,"./Services/srio/srio.o"
"g_din_changed",data,4,"Services/srio","srio.o",0x2002017c,"./Services/srio/srio.o"
"g_panic_code",data,4,"Services/system","panic.o",0x200201d4,"./Services/system/panic.o"
"g_ms",data,4,"Services/ui","ui.o",0x200201f4,"./Services/ui/ui.o"
"g_last_flush",data,4,"Services/ui","ui.o",0x200201f8,"./Services/ui/ui.o"
"g_fb",data,4,"Services/ui","ui_gfx.o",0x2002026c,"./Services/ui/ui_gfx.o"
"status_msg_time",data,4,"Services/ui","ui_page_config.o",0x20020300,"./Services/ui/ui_page_config.o"
"g_cursor_tick",data,4,"Services/ui","ui_page_looper_timeline.o",0x2002030c,"./Services/ui/ui_page_looper_timeline.o"
"g_sel_idx",data,4,"Services/ui","ui_page_looper_timeline.o",0x20020310,"./Services/ui/ui_page_looper_timeline.o"
"snap_n",data,4,"Services/ui","ui_page_looper_timeline.o",0x20021b18,"./Services/ui/ui_page_looper_timeline.o"
"last_update_time",data,4,"Services/ui","ui_page_midi_monitor.o",0x20021b80,"./Services/ui/ui_page_midi_monitor.o"
"status_start_time",data,4,"Services/ui","ui_page_sysex.o",0x20021c30,"./Services/ui/ui_page_sysex.o"
"s_ms",data,4,"Services/ui","ui_state.o",0x20021c38,"./Services/ui/ui_state.o"
"s_last_save_ms",data,4,"Services/ui","ui_state.o",0x20021c3c,"./Services/ui/ui_state.o"
"midi_fops",data,4,"USB_DEVICE","usbd_midi.o",0x20022768,"./USB_DEVICE/Class/MIDI/Src/usbd_midi.o"
"__malloc_sbrk_start",data,4,"Other/LibC","libc_nano.a(libc_a-mallocr.o",0x20022c50,"J:/soft/STM32CubeIDE_2.0.0/STM32CubeIDE/plugins/com.st.stm32cube.ide.mcu.externaltools.gnu-tools-for-stm32.13.3.rel1.win32_1.0.100.202509120712/tools/bin/../lib/gcc/arm-none-eabi/13.3.1/../../../../arm-none-eabi/lib/thumb/v7e-m+fp/hard\libc_nano.a(libc_a-mallocr.o)"
"__malloc_free_list",data,4,"Other/LibC","libc_nano.a(libc_a-mallocr.o",0x20022c54,"J:/soft/STM32CubeIDE_2.0.0/STM32CubeIDE/plugins/com.st.stm32cube.ide.mcu.externaltools.gnu-tools-for-stm32.13.3.rel1.win32_1.0.100.202509120712/tools/bin/../lib/gcc/arm-none-eabi/13.3.1/../../../../arm-none-eabi/lib/thumb/v7e-m+fp/hard\libc_nano.a(libc_a-mallocr.o)"
"__stdio_exit_handler",data,4,"Other/LibC","libc_nano.a(libc_a-findfp.o",0x20022d90,"J:/soft/STM32CubeIDE_2.0.0/STM32CubeIDE/plugins/com.st.stm32cube.ide.mcu.externaltools.gnu-tools-for-stm32.13.3.rel1.win32_1.0.100.202509120712/tools/bin/../lib/gcc/arm-none-eabi/13.3.1/../../../../arm-none-eabi/lib/thumb/v7e-m+fp/hard\libc_nano.a(libc_a-findfp.o)"
"errno",data,4,"Other/LibC","libc_nano.a(libc_a-reent.o",0x20022d94,"J:/soft/STM32CubeIDE_2.0.0/STM32CubeIDE/plugins/com.st.stm32cube.ide.mcu.externaltools.gnu-tools-for-stm32.13.3.rel1.win32_1.0.100.202509120712/tools/bin/../lib/gcc/arm-none-eabi/13.3.1/../../../../arm-none-eabi/lib/thumb/v7e-m+fp/hard\libc_nano.a(libc_a-reent.o)"
"defaultTaskHandle",ccmram,4,"Core","main.o",0x20000f2c,"./Core/Src/main.o"
"__sbrk_heap_end",ccmram,4,"Core","sysmem.o",0x20000f78,"./Core/Src/sysmem.o"
"uwTick",ccmram,4,"Drivers","stm32f4xx_hal.o",0x20000f7c,"./Drivers/STM32F4xx_HAL_Driver/Src/stm32f4xx_hal.o"
"USERPath",ccmram,4,"FATFS","fatfs.o",0x20000f84,"./FATFS/App/fatfs.o"
"g_spi1_mutex",ccmram,4,"Hal/spi_bus.o","spi_bus.o",0x20000f98,"./Hal/spi_bus.o"
"g_spi3_mutex",ccmram,4,"Hal/spi_bus.o","spi_bus.o",0x20000f9c,"./Hal/spi_bus.o"
"FatFs",ccmram,4,"Middlewares/Other","ff.o",0x200013e4,"./Middlewares/Third_Party/FatFs/src/ff.o"
"KernelState",ccmram,4,"Middlewares/FreeRTOS","cmsis_os2.o",0x20001418,"./Middlewares/Third_Party/FreeRTOS/Source/CMSIS_RTOS_V2/cmsis_os2.o"
"pxCurrentTCB",ccmram,4,"Middlewares/FreeRTOS","tasks.o",0x20001bac,"./Middlewares/Third_Party/FreeRTOS/Source/tasks.o"
"pxDelayedTaskList",ccmram,4,"Middlewares/FreeRTOS","tasks.o",0x20002038,"./Middlewares/Third_Party/FreeRTOS/Source/tasks.o"
"pxOverflowDelayedTaskList",ccmram,4,"Middlewares/FreeRTOS","tasks.o",0x2000203c,"./Middlewares/Third_Party/FreeRTOS/Source/tasks.o"
"uxDeletedTasksWaitingCleanUp",ccmram,4,"Middlewares/FreeRTOS","tasks.o",0x20002068,"./Middlewares/Third_Party/FreeRTOS/Source/tasks.o"
"uxCurrentNumberOfTasks",ccmram,4,"Middlewares/FreeRTOS","tasks.o",0x20002080,"./Middlewares/Third_Party/FreeRTOS/Source/tasks.o"
"xTickCount",ccmram,4,"Middlewares/FreeRTOS","tasks.o",0x20002084,"./Middlewares/Third_Party/FreeRTOS/Source/tasks.o"
"uxTopReadyPriority",ccmram,4,"Middlewares/FreeRTOS","tasks.o",0x20002088,"./Middlewares/Third_Party/FreeRTOS/Source/tasks.o"
"xSchedulerRunning",ccmram,4,"Middlewares/FreeRTOS","tasks.o",0x2000208c,"./Middlewares/Third_Party/FreeRTOS/Source/tasks.o"
"xPendedTicks",ccmram,4,"Middlewares/FreeRTOS","tasks.o",0x20002090,"./Middlewares/Third_Party/FreeRTOS/Source/tasks.o"
"xYieldPending",ccmram,4,"Middlewares/FreeRTOS","tasks.o",0x20002094,"./Middlewares/Third_Party/FreeRTOS/Source/tasks.o"
"xNumOfOverflows",ccmram,4,"Middlewares/FreeRTOS","tasks.o",0x20002098,"./Middlewares/Third_Party/FreeRTOS/Source/tasks.o"
"uxTaskNumber",ccmram,4,"Middlewares/FreeRTOS","tasks.o",0x2000209c,"./Middlewares/Third_Party/FreeRTOS/Source/tasks.o"
"xNextTaskUnblockTime",ccmram,4,"Middlewares/FreeRTOS","tasks.o",0x200020a0,"./Middlewares/Third_Party/FreeRTOS/Source/tasks.o"
"xIdleTaskHandle",ccmram,4,"Middlewares/FreeRTOS","tasks.o",0x200020a4,"./Middlewares/Third_Party/FreeRTOS/Source/tasks.o"
"uxSchedulerSuspended",ccmram,4,"Middlewares/FreeRTOS","tasks.o",0x200020a8,"./Middlewares/Third_Party/FreeRTOS/Source/tasks.o"
"pxCurrentTimerList",ccmram,4,"Middlewares/FreeRTOS","timers.o",0x200020d4,"./Middlewares/Third_Party/FreeRTOS/Source/timers.o"
"pxOverflowTimerList",ccmram,4,"Middlewares/FreeRTOS","timers.o",0x200020d8,"./Middlewares/Third_Party/FreeRTOS/Source/timers.o"
"xTimerQueue",ccmram,4,"Middlewares/FreeRTOS","timers.o",0x200020dc,"./Middlewares/Third_Party/FreeRTOS/Source/timers.o"
"xTimerTaskHandle",ccmram,4,"Middlewares/FreeRTOS","timers.o",0x200020e0,"./Middlewares/Third_Party/FreeRTOS/Source/timers.o"
"xLastTime.2",ccmram,4,"Middlewares/FreeRTOS","timers.o",0x200020e4,"./Middlewares/Third_Party/FreeRTOS/Source/timers.o"
"ulMaxPRIGROUPValue",ccmram,4,"Middlewares/FreeRTOS","port.o",0x200021dc,"./Middlewares/Third_Party/FreeRTOS/Source/portable/GCC/ARM_CM4F/port.o"
"pxEnd",ccmram,4,"Middlewares/FreeRTOS","heap_4.o",0x200049e8,"./Middlewares/Third_Party/FreeRTOS/Source/portable/MemMang/heap_4.o"
"xFreeBytesRemaining",ccmram,4,"Middlewares/FreeRTOS","heap_4.o",0x200049ec,"./Middlewares/Third_Party/FreeRTOS/Source/portable/MemMang/heap_4.o"
"xMinimumEverFreeBytesRemaining",ccmram,4,"Middlewares/FreeRTOS","heap_4.o",0x200049f0,"./Middlewares/Third_Party/FreeRTOS/Source/portable/MemMang/heap_4.o"
"xNumberOfSuccessfulAllocations",ccmram,4,"Middlewares/FreeRTOS","heap_4.o",0x200049f4,"./Middlewares/Third_Party/FreeRTOS/Source/portable/MemMang/heap_4.o"
"xNumberOfSuccessfulFrees",ccmram,4,"Middlewares/FreeRTOS","heap_4.o",0x200049f8,"./Middlewares/Third_Party/FreeRTOS/Source/portable/MemMang/heap_4.o"
"xBlockAllocatedBit",ccmram,4,"Middlewares/FreeRTOS","heap_4.o",0x200049fc,"./Middlewares/Third_Party/FreeRTOS/Source/portable/MemMang/heap_4.o"
"s_command_count",ccmram,4,"Services/cli","cli.o",0x20007a04,"./Services/cli/cli.o"
"s_input_pos",ccmram,4,"Services/cli","cli.o",0x20007b08,"./Services/cli/cli.o"
"g_pa",ccmram,4,"Services/expression","expression.o",0x200085b0,"./Services/expression/expression.o"
"g_ms",ccmram,4,"Services/expression","expression.o",0x200085b4,"./Services/expression/expression.o"
"g_filt",ccmram,4,"Services/expression","expression.o",0x200085b8,"./Services/expression/expression.o"
"g_ticks_per_ms_q16",ccmram,4,"Services/looper","looper.o",0x20009384,"./Services/looper/looper.o"
"g_acc_q16",ccmram,4,"Services/looper","looper.o",0x20009388,"./Services/looper/looper.o"
"g_mutex",ccmram,4,"Services/looper","looper.o",0x2000938c,"./Services/looper/looper.o"
"g_track_muted",ccmram,4,"Services/looper","looper.o",0x20009390,"./Services/looper/looper.o"
"g_track_solo",ccmram,4,"Services/looper","looper.o",0x20009394,"./Services/looper/looper.o"
"g_track_links",ccmram,4,"Services/looper","looper.o",0x20009474,"./Services/looper/looper.o"
"g_step_size",ccmram,4,"Services/looper","looper.o",0x20009498,"./Services/looper/looper.o"
"s_module_count",ccmram,4,"Services/module_registry","module_registry.o",0x20014334,"./Services/module_registry/module_registry.o"
"g_count",ccmram,4,"Services/patch","patch_adv.o",0x2001e33c,"./Services/patch/patch_adv.o"
"g_last_error",ccmram,4,"Services/rhythm_trainer","rhythm_trainer.o",0x2001ed24,"./Services/rhythm_trainer/rhythm_trainer.o"
"g_mutex",ccmram,4,"Services/rhythm_trainer","rhythm_trainer.o",0x2001ed28,"./Services/rhythm_trainer/rhythm_trainer.o"
"g_send",ccmram,4,"Services/router","router.o",0x2002012c,"./Services/router/router.o"
"g_router_mutex",ccmram,4,"Services/router","router.o",0x20020130,"./Services/router/router.o"
"g_timestamp_ms",ccmram,4,"Services/router_hooks","router_hooks.o",0x20020144,"./Services/router_hooks/router_hooks.o"
"g_din",ccmram,4,"Services/srio","srio.o",0x20020174,"./Services/srio/srio.o"
"g_din_buffer",ccmram,4,"Services/srio","srio.o",0x20020178,"./Services/srio/srio.o"
"g_din_changed",ccmram,4,"Services/srio","srio.o",0x2002017c,"./Services/srio/srio.o"
"g_panic_code",ccmram,4,"Services/system","panic.o",0x200201d4,"./Services/system/panic.o"
"g_ms",ccmram,4,"Services/ui","ui.o",0x200201f4,"./Services/ui/ui.o"
"g_last_flush",ccmram,4,"Services/ui","ui.o",0x200201f8,"./Services/ui/ui.o"
"g_fb",ccmram,4,"Services/ui","ui_gfx.o",0x2002026c,"./Services/ui/ui_gfx.o"
"status_msg_time",ccmram,4,"Services/ui","ui_page_config.o",0x20020300,"./Services/ui/ui_page_config.o"
"g_cursor_tick",ccmram,4,"Services/ui","ui_page_looper_timeline.o",0x2002030c,"./Services/ui/ui_page_looper_timeline.o"
"g_sel_idx",ccmram,4,"Services/ui","ui_page_looper_timeline.o",0x20020310,"./Services/ui/ui_page_looper_timeline.o"
"snap_n",ccmram,4,"Services/ui","ui_page_looper_timeline.o",0x20021b18,"./Services/ui/ui_page_looper_timeline.o"
"last_update_time",ccmram,4,"Services/ui","ui_page_midi_monitor.o",0x20021b80,"./Services/ui/ui_page_midi_monitor.o"
"status_start_time",ccmram,4,"Services/ui","ui_page_sysex.o",0x20021c30,"./Services/ui/ui_page_sysex.o"
"s_ms",ccmram,4,"Services/ui","ui_state.o",0x20021c38,"./Services/ui/ui_state.o"
"s_last_save_ms",ccmram,4,"Services/ui","ui_state.o",0x20021c3c,"./Services/ui/ui_state.o"
"midi_fops",ccmram,4,"USB_DEVICE","usbd_midi.o",0x20022768,"./USB_DEVICE/Class/MIDI/Src/usbd_midi.o"
"__malloc_sbrk_start",ccmram,4,"Other/LibC","libc_nano.a(libc_a-mallocr.o",0x20022c50,"J:/soft/STM32CubeIDE_2.0.0/STM32CubeIDE/plugins/com.st.stm32cube.ide.mcu.externaltools.gnu-tools-for-stm32.13.3.rel1.win32_1.0.100.202509120712/tools/bin/../lib/gcc/arm-none-eabi/13.3.1/../../../../arm-none-eabi/lib/thumb/v7e-m+fp/hard\libc_nano.a(libc_a-mallocr.o)"
"__malloc_free_list",ccmram,4,"Other/LibC","libc_nano.a(libc_a-mallocr.o",0x20022c54,"J:/soft/STM32CubeIDE_2.0.0/STM32CubeIDE/plugins/com.st.stm32cube.ide.mcu.externaltools.gnu-tools-for-stm32.13.3.rel1.win32_1.0.100.202509120712/tools/bin/../lib/gcc/arm-none-eabi/13.3.1/../../../../arm-none-eabi/lib/thumb/v7e-m+fp/hard\libc_nano.a(libc_a-mallocr.o)"
"__stdio_exit_handler",ccmram,4,"Other/LibC","libc_nano.a(libc_a-findfp.o",0x20022d90,"J:/soft/STM32CubeIDE_2.0.0/STM32CubeIDE/plugins/com.st.stm32cube.ide.mcu.externaltools.gnu-tools-for-stm32.13.3.rel1.win32_1.0.100.202509120712/tools/bin/../lib/gcc/arm-none-eabi/13.3.1/../../../../arm-none-eabi/lib/thumb/v7e-m+fp/hard\libc_nano.a(libc_a-findfp.o)"
"errno",ccmram,4,"Other/LibC","libc_nano.a(libc_a-reent.o",0x20022d94,"J:/soft/STM32CubeIDE_2.0.0/STM32CubeIDE/plugins/com.st.stm32cube.ide.mcu.externaltools.gnu-tools-for-stm32.13.3.rel1.win32_1.0.100.202509120712/tools/bin/../lib/gcc/arm-none-eabi/13.3.1/../../../../arm-none-eabi/lib/thumb/v7e-m+fp/hard\libc_nano.a(libc_a-reent.o)"
"g_link_status_ctr",bss,2,"Hal/ainser64_hw","hal_ainser64_hw_step.o",0x20000f94,"./Hal/ainser64_hw/hal_ainser64_hw_step.o"
"Fsid",bss,2,"Middlewares/Other","ff.o",0x200013e8,"./Middlewares/Third_Party/FatFs/src/ff.o"
"g_raw",bss,2,"Services/expression","expression.o",0x200085ae,"./Services/expression/expression.o"
"event_head",bss,2,"Services/midi_monitor","midi_monitor.o",0x20014280,"./Services/midi_monitor/midi_monitor.o"
"event_tail",bss,2,"Services/midi_monitor","midi_monitor.o",0x20014282,"./Services/midi_monitor/midi_monitor.o"
"g_debounce_time",bss,2,"Services/srio","srio.o",0x2002016e,"./Services/srio/srio.o"
"g_debounce_ctr",bss,2,"Services/srio","srio.o",0x20020170,"./Services/srio/srio.o"
"g_w",bss,2,"Services/ui","ui_gfx.o",0x20020270,"./Services/ui/ui_gfx.o"
"g_h",bss,2,"Services/ui","ui_gfx.o",0x20020272,"./Services/ui/ui_gfx.o"
"sysex_length",bss,2,"Services/ui","ui_page_sysex.o",0x20021c08,"./Services/ui/ui_page_sysex.o"
"scroll_offset",bss,2,"Services/ui","ui_page_sysex.o",0x20021c0c,"./Services/ui/ui_page_sysex.o"
"file_counter.0",bss,2,"Services/ui","ui_page_sysex.o",0x20021c34,"./Services/ui/ui_page_sysex.o"
"g_tempo_bpm",data,2,"Services/lfo","lfo.o",0x20000038,"./Services/lfo/lfo.o"
"g_link_status_ctr",data,2,"Hal/ainser64_hw","hal_ainser64_hw_step.o",0x20000f94,"./Hal/ainser64_hw/hal_ainser64_hw_step.o"
"Fsid",data,2,"Middlewares/Other","ff.o",0x200013e8,"./Middlewares/Third_Party/FatFs/src/ff.o"
"g_raw",data,2,"Services/expression","expression.o",0x200085ae,"./Services/expression/expression.o"
"event_head",data,2,"Services/midi_monitor","midi_monitor.o",0x20014280,"./Services/midi_monitor/midi_monitor.o"
"event_tail",data,2,"Services/midi_monitor","midi_monitor.o",0x20014282,"./Services/midi_monitor/midi_monitor.o"
"g_debounce_time",data,2,"Services/srio","srio.o",0x2002016e,"./Services/srio/srio.o"
"g_debounce_ctr",data,2,"Services/srio","srio.o",0x20020170,"./Services/srio/srio.o"
"g_w",data,2,"Services/ui","ui_gfx.o",0x20020270,"./Services/ui/ui_gfx.o"
"g_h",data,2,"Services/ui","ui_gfx.o",0x20020272,"./Services/ui/ui_gfx.o"
"sysex_length",data,2,"Services/ui","ui_page_sysex.o",0x20021c08,"./Services/ui/ui_page_sysex.o"
"scroll_offset",data,2,"Services/ui","ui_page_sysex.o",0x20021c0c,"./Services/ui/ui_page_sysex.o"
"file_counter.0",data,2,"Services/ui","ui_page_sysex.o",0x20021c34,"./Services/ui/ui_page_sysex.o"
"g_link_status_ctr",ccmram,2,"Hal/ainser64_hw","hal_ainser64_hw_step.o",0x20000f94,"./Hal/ainser64_hw/hal_ainser64_hw_step.o"
"Fsid",ccmram,2,"Middlewares/Other","ff.o",0x200013e8,"./Middlewares/Third_Party/FatFs/src/ff.o"
"g_raw",ccmram,2,"Services/expression","expression.o",0x200085ae,"./Services/expression/expression.o"
"event_head",ccmram,2,"Services/midi_monitor","midi_monitor.o",0x20014280,"./Services/midi_monitor/midi_monitor.o"
"event_tail",ccmram,2,"Services/midi_monitor","midi_monitor.o",0x20014282,"./Services/midi_monitor/midi_monitor.o"
"g_debounce_time",ccmram,2,"Services/srio","srio.o",0x2002016e,"./Services/srio/srio.o"
"g_debounce_ctr",ccmram,2,"Services/srio","srio.o",0x20020170,"./Services/srio/srio.o"
"g_w",ccmram,2,"Services/ui","ui_gfx.o",0x20020270,"./Services/ui/ui_gfx.o"
"g_h",ccmram,2,"Services/ui","ui_gfx.o",0x20020272,"./Services/ui/ui_gfx.o"
"sysex_length",ccmram,2,"Services/ui","ui_page_sysex.o",0x20021c08,"./Services/ui/ui_page_sysex.o"
"scroll_offset",ccmram,2,"Services/ui","ui_page_sysex.o",0x20021c0c,"./Services/ui/ui_page_sysex.o"
"file_counter.0",ccmram,2,"Services/ui","ui_page_sysex.o",0x20021c34,"./Services/ui/ui_page_sysex.o"
"started.0",bss,1,"App","app_entry.o",0x20000514,"./App/app_entry.o"
"mirror_enabled",bss,1,"App","test_oled_mirror.o",0x20000974,"./App/tests/test_oled_mirror.o"
"mirror_line_count",bss,1,"App","test_oled_mirror.o",0x20000a80,"./App/tests/test_oled_mirror.o"
"mirror_current_col",bss,1,"App","test_oled_mirror.o",0x20000a81,"./App/tests/test_oled_mirror.o"
"retUSER",bss,1,"FATFS","fatfs.o",0x20000f80,"./FATFS/App/fatfs.o"
"sd_card_type",bss,1,"FATFS","sd_spi.o",0x20000f88,"./FATFS/Target/sd_spi.o"
"dwt_inited",bss,1,"Hal/delay_us.o","delay_us.o",0x20000f96,"./Hal/delay_us.o"
"cfgidx.0",bss,1,"Middlewares/USB","usbd_ctlreq.o",0x200013e0,"./Middlewares/ST/STM32_USB_Device_Library/Core/Src/usbd_ctlreq.o"
"ucMaxSysCallPriority",bss,1,"Middlewares/FreeRTOS","port.o",0x200021d8,"./Middlewares/Third_Party/FreeRTOS/Source/portable/GCC/ARM_CM4F/port.o"
"evq_w",bss,1,"Services/ain","ain.o",0x20005200,"./Services/ain/ain.o"
"evq_r",bss,1,"Services/ain","ain.o",0x20005201,"./Services/ain/ain.o"
"g_bank",bss,1,"Services/ain","ain.o",0x20005202,"./Services/ain/ain.o"
"g_step",bss,1,"Services/ain","ain.o",0x20005203,"./Services/ain/ain.o"
"s_initialized",bss,1,"Services/cli","cli.o",0x20007b0c,"./Services/cli/cli.o"
"s_history_count",bss,1,"Services/cli","cli.o",0x20008510,"./Services/cli/cli.o"
"s_history_index",bss,1,"Services/cli","cli.o",0x20008511,"./Services/cli/cli.o"
"g_sd_initialized",bss,1,"Services/config_io","config_io.o",0x20008594,"./Services/config_io/config_io.o"
"g_last_dir",bss,1,"Services/expression","expression.o",0x200085bc,"./Services/expression/expression.o"
"g_err",bss,1,"Services/fs","sd_guard.o",0x200085bd,"./Services/fs/sd_guard.o"
"g_ro",bss,1,"Services/fs","sd_guard.o",0x200085be,"./Services/fs/sd_guard.o"
"g_shift",bss,1,"Services/input","input.o",0x200087c0,"./Services/input/input.o"
"g_head",bss,1,"Services/log","log.o",0x20009154,"./Services/log/log.o"
"g_count",bss,1,"Services/log","log.o",0x20009155,"./Services/log/log.o"
"g_midi_learn_count",bss,1,"Services/looper","looper.o",0x20009238,"./Services/looper/looper.o"
"g_global_transpose",bss,1,"Services/looper","looper.o",0x20009398,"./Services/looper/looper.o"
"g_current_scene",bss,1,"Services/looper","looper.o",0x2000945c,"./Services/looper/looper.o"
"buffer_full",bss,1,"Services/midi_monitor","midi_monitor.o",0x20014284,"./Services/midi_monitor/midi_monitor.o"
"s_initialized",bss,1,"Services/module_registry","module_registry.o",0x20014338,"./Services/module_registry/module_registry.o"
"g_last_eval",bss,1,"Services/rhythm_trainer","rhythm_trainer.o",0x2001ed20,"./Services/rhythm_trainer/rhythm_trainer.o"
"g_forced",bss,1,"Services/safe","safe_mode.o",0x20020148,"./Services/safe/safe_mode.o"
"g_cfg",bss,1,"Services/safe","safe_mode.o",0x20020149,"./Services/safe/safe_mode.o"
"g_inited",bss,1,"Services/srio","srio.o",0x2002016c,"./Services/srio/srio.o"
"g_num_sr",bss,1,"Services/srio","srio.o",0x2002016d,"./Services/srio/srio.o"
"g_reason",bss,1,"Services/system","boot_reason.o",0x200201d0,"./Services/system/boot_reason.o"
"g_sd_required",bss,1,"Services/system","system_status.o",0x200201d8,"./Services/system/system_status.o"
"g_page",bss,1,"Services/ui","ui.o",0x200201f2,"./Services/ui/ui.o"
"g_chord_mode",bss,1,"Services/ui","ui.o",0x200201fc,"./Services/ui/ui.o"
"g_combo_active",bss,1,"Services/ui","ui.o",0x2002026a,"./Services/ui/ui.o"
"g_current_font",bss,1,"Services/ui","ui_gfx.o",0x20020274,"./Services/ui/ui_gfx.o"
"current_mode",bss,1,"Services/ui","ui_page_automation.o",0x20020275,"./Services/ui/ui_page_automation.o"
"current_workflow",bss,1,"Services/ui","ui_page_automation.o",0x20020276,"./Services/ui/ui_page_automation.o"
"scene_chain_enabled",bss,1,"Services/ui","ui_page_automation.o",0x20020277,"./Services/ui/ui_page_automation.o"
"chain_from_scene",bss,1,"Services/ui","ui_page_automation.o",0x20020278,"./Services/ui/ui_page_automation.o"
"auto_trigger_enabled",bss,1,"Services/ui","ui_page_automation.o",0x20020279,"./Services/ui/ui_page_automation.o"
"cursor_pos",bss,1,"Services/ui","ui_page_automation.o",0x2002027a,"./Services/ui/ui_page_automation.o"
"current_category",bss,1,"Services/ui","ui_page_config.o",0x2002027b,"./Services/ui/ui_page_config.o"
"current_param",bss,1,"Services/ui","ui_page_config.o",0x2002027c,"./Services/ui/ui_page_config.o"
"edit_mode",bss,1,"Services/ui","ui_page_config.o",0x2002027d,"./Services/ui/ui_page_config.o"
"initialized",bss,1,"Services/ui","ui_page_config.o",0x2002027e,"./Services/ui/ui_page_config.o"
"selected_track",bss,1,"Services/ui","ui_page_livefx.o",0x20020304,"./Services/ui/ui_page_livefx.o"
"selected_param",bss,1,"Services/ui","ui_page_livefx.o",0x20020305,"./Services/ui/ui_page_livefx.o"
"edit_mode",bss,1,"Services/ui","ui_page_livefx.o",0x20020306,"./Services/ui/ui_page_livefx.o"
"sel_track",bss,1,"Services/ui","ui_page_looper.o",0x20020307,"./Services/ui/ui_page_looper.o"
"g_track",bss,1,"Services/ui","ui_page_looper_timeline.o",0x20020308,"./Services/ui/ui_page_looper_timeline.o"
"g_in_edit",bss,1,"Services/ui","ui_page_looper_timeline.o",0x20020314,"./Services/ui/ui_page_looper_timeline.o"
"g_edit_field",bss,1,"Services/ui","ui_page_looper_timeline.o",0x20020315,"./Services/ui/ui_page_looper_timeline.o"
"event_write_idx",bss,1,"Services/ui","ui_page_midi_monitor.o",0x20021b7c,"./Services/ui/ui_page_midi_monitor.o"
"event_count",bss,1,"Services/ui","ui_page_midi_monitor.o",0x20021b7d,"./Services/ui/ui_page_midi_monitor.o"
"scroll_offset",bss,1,"Services/ui","ui_page_midi_monitor.o",0x20021b7e,"./Services/ui/ui_page_midi_monitor.o"
"s_edit_mode",bss,1,"Services/ui","ui_page_rhythm.o",0x20021b84,"./Services/ui/ui_page_rhythm.o"
"selected_scene",bss,1,"Services/ui","ui_page_song.o",0x20021b85,"./Services/ui/ui_page_song.o"
"selected_track",bss,1,"Services/ui","ui_page_song.o",0x20021b86,"./Services/ui/ui_page_song.o"
"sysex_captured",bss,1,"Services/ui","ui_page_sysex.o",0x20021c0a,"./Services/ui/ui_page_sysex.o"
"s_loaded",bss,1,"Services/ui","ui_state.o",0x20021c36,"./Services/ui/ui_state.o"
"s_dirty",bss,1,"Services/ui","ui_state.o",0x20021c37,"./Services/ui/ui_state.o"
"__lock___malloc_recursive_mutex",bss,1,"Other/LibC","libc_nano.a(libc_a-lock.o",0x20022d98,"J:/soft/STM32CubeIDE_2.0.0/STM32CubeIDE/plugins/com.st.stm32cube.ide.mcu.externaltools.gnu-tools-for-stm32.13.3.rel1.win32_1.0.100.202509120712/tools/bin/../lib/gcc/arm-none-eabi/13.3.1/../../../../arm-none-eabi/lib/thumb/v7e-m+fp/hard\libc_nano.a(libc_a-lock.o)"
"__lock___sfp_recursive_mutex",bss,1,"Other/LibC","libc_nano.a(libc_a-lock.o",0x20022d99,"J:/soft/STM32CubeIDE_2.0.0/STM32CubeIDE/plugins/com.st.stm32cube.ide.mcu.externaltools.gnu-tools-for-stm32.13.3.rel1.win32_1.0.100.202509120712/tools/bin/../lib/gcc/arm-none-eabi/13.3.1/../../../../arm-none-eabi/lib/thumb/v7e-m+fp/hard\libc_nano.a(libc_a-lock.o)"
"uwTickFreq",data,1,"Drivers","stm32f4xx_hal.o",0x20000008,"./Drivers/STM32F4xx_HAL_Driver/Src/stm32f4xx_hal.o"
"sd_status",data,1,"FATFS","sd_spi.o",0x20000009,"./FATFS/Target/sd_spi.o"
"Stat",data,1,"FATFS","user_diskio.o",0x2000000a,"./FATFS/Target/user_diskio.o"
"g_link_led_enable",data,1,"Hal/ainser64_hw","hal_ainser64_hw_step.o",0x20000020,"./Hal/ainser64_hw/hal_ainser64_hw_step.o"
"g_last_sent",data,1,"Services/expression","expression.o",0x20000030,"./Services/expression/expression.o"
"g_sd_ok",data,1,"Services/safe","safe_mode.o",0x20000130,"./Services/safe/safe_mode.o"
"g_sd_ok",data,1,"Services/system","system_status.o",0x200001a0,"./Services/system/system_status.o"
"chain_to_scene",data,1,"Services/ui","ui_page_automation.o",0x200001d4,"./Services/ui/ui_page_automation.o"
"g_zoom",data,1,"Services/ui","ui_page_looper_timeline.o",0x200001d5,"./Services/ui/ui_page_looper_timeline.o"
"started.0",data,1,"App","app_entry.o",0x20000514,"./App/app_entry.o"
"mirror_enabled",data,1,"App","test_oled_mirror.o",0x20000974,"./App/tests/test_oled_mirror.o"
"mirror_line_count",data,1,"App","test_oled_mirror.o",0x20000a80,"./App/tests/test_oled_mirror.o"
"mirror_current_col",data,1,"App","test_oled_mirror.o",0x20000a81,"./App/tests/test_oled_mirror.o"
"retUSER",data,1,"FATFS","fatfs.o",0x20000f80,"./FATFS/App/fatfs.o"
"sd_card_type",data,1,"FATFS","sd_spi.o",0x20000f88,"./FATFS/Target/sd_spi.o"
"dwt_inited",data,1,"Hal/delay_us.o","delay_us.o",0x20000f96,"./Hal/delay_us.o"
"cfgidx.0",data,1,"Middlewares/USB","usbd_ctlreq.o",0x200013e0,"./Middlewares/ST/STM32_USB_Device_Library/Core/Src/usbd_ctlreq.o"
"ucMaxSysCallPriority",data,1,"Middlewares/FreeRTOS","port.o",0x200021d8,"./Middlewares/Third_Party/FreeRTOS/Source/portable/GCC/ARM_CM4F/port.o"
"evq_w",data,1,"Services/ain","ain.o",0x20005200,"./Services/ain/ain.o"
"evq_r",data,1,"Services/ain","ain.o",0x20005201,"./Services/ain/ain.o"
"g_bank",data,1,"Services/ain","ain.o",0x20005202,"./Services/ain/ain.o"
"g_step",data,1,"Services/ain","ain.o",0x20005203,"./Services/ain/ain.o"
"s_initialized",data,1,"Services/cli","cli.o",0x20007b0c,"./Services/cli/cli.o"
"s_history_count",data,1,"Services/cli","cli.o",0x20008510,"./Services/cli/cli.o"
"s_history_index",data,1,"Services/cli","cli.o",0x20008511,"./Services/cli/cli.o"
"g_sd_initialized",data,1,"Services/config_io","config_io.o",0x20008594,"./Services/config_io/config_io.o"
"g_last_dir",data,1,"Services/expression","expression.o",0x200085bc,"./Services/expression/expression.o"
"g_err",data,1,"Services/fs","sd_guard.o",0x200085bd,"./Services/fs/sd_guard.o"
"g_ro",data,1,"Services/fs","sd_guard.o",0x200085be,"./Services/fs/sd_guard.o"
"g_shift",data,1,"Services/input","input.o",0x200087c0,"./Services/input/input.o"
"g_head",data,1,"Services/log","log.o",0x20009154,"./Services/log/log.o"
"g_count",data,1,"Services/log","log.o",0x20009155,"./Services/log/log.o"
"g_midi_learn_count",data,1,"Services/looper","looper.o",0x20009238,"./Services/looper/looper.o"
"g_global_transpose",data,1,"Services/looper","looper.o",0x20009398,"./Services/looper/looper.o"
"g_current_scene",data,1,"Services/looper","looper.o",0x2000945c,"./Services/looper/looper.o"
"buffer_full",data,1,"Services/midi_monitor","midi_monitor.o",0x20014284,"./Services/midi_monitor/midi_monitor.o"
"s_initialized",data,1,"Services/module_registry","module_registry.o",0x20014338,"./Services/module_registry/module_registry.o"
"g_last_eval",data,1,"Services/rhythm_trainer","rhythm_trainer.o",0x2001ed20,"./Services/rhythm_trainer/rhythm_trainer.o"
"g_forced",data,1,"Services/safe","safe_mode.o",0x20020148,"./Services/safe/safe_mode.o"
"g_cfg",data,1,"Services/safe","safe_mode.o",0x20020149,"./Services/safe/safe_mode.o"
"g_inited",data,1,"Services/srio","srio.o",0x2002016c,"./Services/srio/srio.o"
"g_num_sr",data,1,"Services/srio","srio.o",0x2002016d,"./Services/srio/srio.o"
"g_reason",data,1,"Services/system","boot_reason.o",0x200201d0,"./Services/system/boot_reason.o"
"g_sd_required",data,1,"Services/system","system_status.o",0x200201d8,"./Services/system/system_status.o"
"g_page",data,1,"Services/ui","ui.o",0x200201f2,"./Services/ui/ui.o"
"g_chord_mode",data,1,"Services/ui","ui.o",0x200201fc,"./Services/ui/ui.o"
"g_combo_active",data,1,"Services/ui","ui.o",0x2002026a,"./Services/ui/ui.o"
"g_current_font",data,1,"Services/ui","ui_gfx.o",0x20020274,"./Services/ui/ui_gfx.o"
"current_mode",data,1,"Services/ui","ui_page_automation.o",0x20020275,"./Services/ui/ui_page_automation.o"
"current_workflow",data,1,"Services/ui","ui_page_automation.o",0x20020276,"./Services/ui/ui_page_automation.o"
"scene_chain_enabled",data,1,"Services/ui","ui_page_automation.o",0x20020277,"./Services/ui/ui_page_automation.o"
"chain_from_scene",data,1,"Services/ui","ui_page_automation.o",0x20020278,"./Services/ui/ui_page_automation.o"
"auto_trigger_enabled",data,1,"Services/ui","ui_page_automation.o",0x20020279,"./Services/ui/ui_page_automation.o"
"cursor_pos",data,1,"Services/ui","ui_page_automation.o",0x2002027a,"./Services/ui/ui_page_automation.o"
"current_category",data,1,"Services/ui","ui_page_config.o",0x2002027b,"./Services/ui/ui_page_config.o"
"current_param",data,1,"Services/ui","ui_page_config.o",0x2002027c,"./Services/ui/ui_page_config.o"
"edit_mode",data,1,"Services/ui","ui_page_config.o",0x2002027d,"./Services/ui/ui_page_config.o"
"initialized",data,1,"Services/ui","ui_page_config.o",0x2002027e,"./Services/ui/ui_page_config.o"
"selected_track",data,1,"Services/ui","ui_page_livefx.o",0x20020304,"./Services/ui/ui_page_livefx.o"
"selected_param",data,1,"Services/ui","ui_page_livefx.o",0x20020305,"./Services/ui/ui_page_livefx.o"
"edit_mode",data,1,"Services/ui","ui_page_livefx.o",0x20020306,"./Services/ui/ui_page_livefx.o"
"sel_track",data,1,"Services/ui","ui_page_looper.o",0x20020307,"./Services/ui/ui_page_looper.o"
"g_track",data,1,"Services/ui","ui_page_looper_timeline.o",0x20020308,"./Services/ui/ui_page_looper_timeline.o"
"g_in_edit",data,1,"Services/ui","ui_page_looper_timeline.o",0x20020314,"./Services/ui/ui_page_looper_timeline.o"
"g_edit_field",data,1,"Services/ui","ui_page_looper_timeline.o",0x20020315,"./Services/ui/ui_page_looper_timeline.o"
"event_write_idx",data,1,"Services/ui","ui_page_midi_monitor.o",0x20021b7c,"./Services/ui/ui_page_midi_monitor.o"
"event_count",data,1,"Services/ui","ui_page_midi_monitor.o",0x20021b7d,"./Services/ui/ui_page_midi_monitor.o"
"scroll_offset",data,1,"Services/ui","ui_page_midi_monitor.o",0x20021b7e,"./Services/ui/ui_page_midi_monitor.o"
"s_edit_mode",data,1,"Services/ui","ui_page_rhythm.o",0x20021b84,"./Services/ui/ui_page_rhythm.o"
"selected_scene",data,1,"Services/ui","ui_page_song.o",0x20021b85,"./Services/ui/ui_page_song.o"
"selected_track",data,1,"Services/ui","ui_page_song.o",0x20021b86,"./Services/ui/ui_page_song.o"
"sysex_captured",data,1,"Services/ui","ui_page_sysex.o",0x20021c0a,"./Services/ui/ui_page_sysex.o"
"s_loaded",data,1,"Services/ui","ui_state.o",0x20021c36,"./Services/ui/ui_state.o"
"s_dirty",data,1,"Services/ui","ui_state.o",0x20021c37,"./Services/ui/ui_state.o"
"__lock___malloc_recursive_mutex",data,1,"Other/LibC","libc_nano.a(libc_a-lock.o",0x20022d98,"J:/soft/STM32CubeIDE_2.0.0/STM32CubeIDE/plugins/com.st.stm32cube.ide.mcu.externaltools.gnu-tools-for-stm32.13.3.rel1.win32_1.0.100.202509120712/tools/bin/../lib/gcc/arm-none-eabi/13.3.1/../../../../arm-none-eabi/lib/thumb/v7e-m+fp/hard\libc_nano.a(libc_a-lock.o)"
"__lock___sfp_recursive_mutex",data,1,"Other/LibC","libc_nano.a(libc_a-lock.o",0x20022d99,"J:/soft/STM32CubeIDE_2.0.0/STM32CubeIDE/plugins/com.st.stm32cube.ide.mcu.externaltools.gnu-tools-for-stm32.13.3.rel1.win32_1.0.100.202509120712/tools/bin/../lib/gcc/arm-none-eabi/13.3.1/../../../../arm-none-eabi/lib/thumb/v7e-m+fp/hard\libc_nano.a(libc_a-lock.o)"
"started.0",ccmram,1,"App","app_entry.o",0x20000514,"./App/app_entry.o"
"mirror_enabled",ccmram,1,"App","test_oled_mirror.o",0x20000974,"./App/tests/test_oled_mirror.o"
"mirror_line_count",ccmram,1,"App","test_oled_mirror.o",0x20000a80,"./App/tests/test_oled_mirror.o"
"mirror_current_col",ccmram,1,"App","test_oled_mirror.o",0x20000a81,"./App/tests/test_oled_mirror.o"
"retUSER",ccmram,1,"FATFS","fatfs.o",0x20000f80,"./FATFS/App/fatfs.o"
"sd_card_type",ccmram,1,"FATFS","sd_spi.o",0x20000f88,"./FATFS/Target/sd_spi.o"
"dwt_inited",ccmram,1,"Hal/delay_us.o","delay_us.o",0x20000f96,"./Hal/delay_us.o"
"cfgidx.0",ccmram,1,"Middlewares/USB","usbd_ctlreq.o",0x200013e0,"./Middlewares/ST/STM32_USB_Device_Library/Core/Src/usbd_ctlreq.o"
"ucMaxSysCallPriority",ccmram,1,"Middlewares/FreeRTOS","port.o",0x200021d8,"./Middlewares/Third_Party/FreeRTOS/Source/portable/GCC/ARM_CM4F/port.o"
"evq_w",ccmram,1,"Services/ain","ain.o",0x20005200,"./Services/ain/ain.o"
"evq_r",ccmram,1,"Services/ain","ain.o",0x20005201,"./Services/ain/ain.o"
"g_bank",ccmram,1,"Services/ain","ain.o",0x20005202,"./Services/ain/ain.o"
"g_step",ccmram,1,"Services/ain","ain.o",0x20005203,"./Services/ain/ain.o"
"s_initialized",ccmram,1,"Services/cli","cli.o",0x20007b0c,"./Services/cli/cli.o"
"s_history_count",ccmram,1,"Services/cli","cli.o",0x20008510,"./Services/cli/cli.o"
"s_history_index",ccmram,1,"Services/cli","cli.o",0x20008511,"./Services/cli/cli.o"
"g_sd_initialized",ccmram,1,"Services/config_io","config_io.o",0x20008594,"./Services/config_io/config_io.o"
"g_last_dir",ccmram,1,"Services/expression","expression.o",0x200085bc,"./Services/expression/expression.o"
"g_err",ccmram,1,"Services/fs","sd_guard.o",0x200085bd,"./Services/fs/sd_guard.o"
"g_ro",ccmram,1,"Services/fs","sd_guard.o",0x200085be,"./Services/fs/sd_guard.o"
"g_shift",ccmram,1,"Services/input","input.o",0x200087c0,"./Services/input/input.o"
"g_head",ccmram,1,"Services/log","log.o",0x20009154,"./Services/log/log.o"
"g_count",ccmram,1,"Services/log","log.o",0x20009155,"./Services/log/log.o"
"g_midi_learn_count",ccmram,1,"Services/looper","looper.o",0x20009238,"./Services/looper/looper.o"
"g_global_transpose",ccmram,1,"Services/looper","looper.o",0x20009398,"./Services/looper/looper.o"
"g_current_scene",ccmram,1,"Services/looper","looper.o",0x2000945c,"./Services/looper/looper.o"
"buffer_full",ccmram,1,"Services/midi_monitor","midi_monitor.o",0x20014284,"./Services/midi_monitor/midi_monitor.o"
"s_initialized",ccmram,1,"Services/module_registry","module_registry.o",0x20014338,"./Services/module_registry/module_registry.o"
"g_last_eval",ccmram,1,"Services/rhythm_trainer","rhythm_trainer.o",0x2001ed20,"./Services/rhythm_trainer/rhythm_trainer.o"
"g_forced",ccmram,1,"Services/safe","safe_mode.o",0x20020148,"./Services/safe/safe_mode.o"
"g_cfg",ccmram,1,"Services/safe","safe_mode.o",0x20020149,"./Services/safe/safe_mode.o"
"g_inited",ccmram,1,"Services/srio","srio.o",0x2002016c,"./Services/srio/srio.o"
"g_num_sr",ccmram,1,"Services/srio","srio.o",0x2002016d,"./Services/srio/srio.o"
"g_reason",ccmram,1,"Services/system","boot_reason.o",0x200201d0,"./Services/system/boot_reason.o"
"g_sd_required",ccmram,1,"Services/system","system_status.o",0x200201d8,"./Services/system/system_status.o"
"g_page",ccmram,1,"Services/ui","ui.o",0x200201f2,"./Services/ui/ui.o"
"g_chord_mode",ccmram,1,"Services/ui","ui.o",0x200201fc,"./Services/ui/ui.o"
"g_combo_active",ccmram,1,"Services/ui","ui.o",0x2002026a,"./Services/ui/ui.o"
"g_current_font",ccmram,1,"Services/ui","ui_gfx.o",0x20020274,"./Services/ui/ui_gfx.o"
"current_mode",ccmram,1,"Services/ui","ui_page_automation.o",0x20020275,"./Services/ui/ui_page_automation.o"
"current_workflow",ccmram,1,"Services/ui","ui_page_automation.o",0x20020276,"./Services/ui/ui_page_automation.o"
"scene_chain_enabled",ccmram,1,"Services/ui","ui_page_automation.o",0x20020277,"./Services/ui/ui_page_automation.o"
"chain_from_scene",ccmram,1,"Services/ui","ui_page_automation.o",0x20020278,"./Services/ui/ui_page_automation.o"
"auto_trigger_enabled",ccmram,1,"Services/ui","ui_page_automation.o",0x20020279,"./Services/ui/ui_page_automation.o"
"cursor_pos",ccmram,1,"Services/ui","ui_page_automation.o",0x2002027a,"./Services/ui/ui_page_automation.o"
"current_category",ccmram,1,"Services/ui","ui_page_config.o",0x2002027b,"./Services/ui/ui_page_config.o"
"current_param",ccmram,1,"Services/ui","ui_page_config.o",0x2002027c,"./Services/ui/ui_page_config.o"
"edit_mode",ccmram,1,"Services/ui","ui_page_config.o",0x2002027d,"./Services/ui/ui_page_config.o"
"initialized",ccmram,1,"Services/ui","ui_page_config.o",0x2002027e,"./Services/ui/ui_page_config.o"
"selected_track",ccmram,1,"Services/ui","ui_page_livefx.o",0x20020304,"./Services/ui/ui_page_livefx.o"
"selected_param",ccmram,1,"Services/ui","ui_page_livefx.o",0x20020305,"./Services/ui/ui_page_livefx.o"
"edit_mode",ccmram,1,"Services/ui","ui_page_livefx.o",0x20020306,"./Services/ui/ui_page_livefx.o"
"sel_track",ccmram,1,"Services/ui","ui_page_looper.o",0x20020307,"./Services/ui/ui_page_looper.o"
"g_track",ccmram,1,"Services/ui","ui_page_looper_timeline.o",0x20020308,"./Services/ui/ui_page_looper_timeline.o"
"g_in_edit",ccmram,1,"Services/ui","ui_page_looper_timeline.o",0x20020314,"./Services/ui/ui_page_looper_timeline.o"
"g_edit_field",ccmram,1,"Services/ui","ui_page_looper_timeline.o",0x20020315,"./Services/ui/ui_page_looper_timeline.o"
"event_write_idx",ccmram,1,"Services/ui","ui_page_midi_monitor.o",0x20021b7c,"./Services/ui/ui_page_midi_monitor.o"
"event_count",ccmram,1,"Services/ui","ui_page_midi_monitor.o",0x20021b7d,"./Services/ui/ui_page_midi_monitor.o"
"scroll_offset",ccmram,1,"Services/ui","ui_page_midi_monitor.o",0x20021b7e,"./Services/ui/ui_page_midi_monitor.o"
"s_edit_mode",ccmram,1,"Services/ui","ui_page_rhythm.o",0x20021b84,"./Services/ui/ui_page_rhythm.o"
"selected_scene",ccmram,1,"Services/ui","ui_page_song.o",0x20021b85,"./Services/ui/ui_page_song.o"
"selected_track",ccmram,1,"Services/ui","ui_page_song.o",0x20021b86,"./Services/ui/ui_page_song.o"
"sysex_captured",ccmram,1,"Services/ui","ui_page_sysex.o",0x20021c0a,"./Services/ui/ui_page_sysex.o"
"s_loaded",ccmram,1,"Services/ui","ui_state.o",0x20021c36,"./Services/ui/ui_state.o"
"s_dirty",ccmram,1,"Services/ui","ui_state.o",0x20021c37,"./Services/ui/ui_state.o"
"__lock___malloc_recursive_mutex",ccmram,1,"Other/LibC","libc_nano.a(libc_a-lock.o",0x20022d98,"J:/soft/STM32CubeIDE_2.0.0/STM32CubeIDE/plugins/com.st.stm32cube.ide.mcu.externaltools.gnu-tools-for-stm32.13.3.rel1.win32_1.0.100.202509120712/tools/bin/../lib/gcc/arm-none-eabi/13.3.1/../../../../arm-none-eabi/lib/thumb/v7e-m+fp/hard\libc_nano.a(libc_a-lock.o)"
"__lock___sfp_recursive_mutex",ccmram,1,"Other/LibC","libc_nano.a(libc_a-lock.o",0x20022d99,"J:/soft/STM32CubeIDE_2.0.0/STM32CubeIDE/plugins/com.st.stm32cube.ide.mcu.externaltools.gnu-tools-for-stm32.13.3.rel1.win32_1.0.100.202509120712/tools/bin/../lib/gcc/arm-none-eabi/13.3.1/../../../../arm-none-eabi/lib/thumb/v7e-m+fp/hard\libc_nano.a(libc_a-lock.o)"
